Nombre,Marca,Modelo,Estrellas,Opinion,Votos,Fecha
Chevrolet Traverse 2020 Premier 3600 cc,chevrolet,Traverse,1,muy comodo pero muy inseguro,-1,2020-09-16 19:07:20.844000+00:00
Chevrolet TrailBlazer 2019,chevrolet,TrailBlazer,5,no funciona la alarma para impacto  ya se robaron un retrovisor lateral y los tapacubos y no suena,-2,2020-03-28 19:42:54.791000+00:00
Chevrolet TrailBlazer 2019 5 puertas 2.8 Diesel,chevrolet,TrailBlazer,4,Mi veh√≠culo tiene 20000 km y hasta ahora no me dado problemas y eso que viajo fuera de ciudad muy seguido. El carro me parece muy econ√≥mico en combustible y potente su motor sobre todo el pique que es lo que me interesa para viajar a la sierra muy buen desempe√±o. Concuerdo con algunos comentarios de los sonidos de algunos pl√°sticos. En tecnolog√≠a muy bueno ya que ac√° en Ecuador carros con similar tecnolog√≠a son demasiado caros o no son 4x4. En relaci√≥n precio confort muy bueno.,9,2020-03-04 20:19:25.404000+00:00
Chevrolet TrailBlazer 2020 Premier,chevrolet,TrailBlazer,5,"El auto tiene algunos detalles en las terminaciones pero he andado en muchos veh√≠culos con chasis y este ha sido el mas c√≥modo, la toyota fortuner y la mitsubishi montero sport que son sus competidores tambi√©n los tienen, en realidad casi todos los vehiculso petroleros tienen problemas de ruidos en los plasticos, hasta los mercedes que cuestan 4 veces mas los tienen ya que un motor petrolero genera mucha vibracion. La trailblazer en equipamiento versus precio es mucho mas conveniente unido a  que en chile tiene 5 a√±os de garantia.    El veh√≠culo es mas para carretera y caminos malos, aunque es suave en ciudad resulta muy pesado o poco agil de maniobrar, en terrenos MUY malos se comporta bastante bien para no tener bloqueo de diferencial total, bueno, casi ningun 4x4 trae  bloqueo de diferencial excepto los 4x4 que cuestan el doble o el triple que la trailblazer y la Toyoyta landcruiser que es un 50% mas cara que la trailblazer trae diferencial pero es bencinera, lo que le quita bastante autonomia, yo queria una petrolera  porque no me gusta andar cargando combustible tan seguido. , Hasta el momento estoy conforme, sobre todo por su comportamiento 4x4 y la suavidad, cuando tenga 10.000 km hare otro reporte.",10,2020-03-02 20:30:15.153000+00:00
Chevrolet TrailBlazer 2019,chevrolet,TrailBlazer,2,Mala calidad en accesorios y sistema de escape. Pero no podemos pedir peras al olmo esta marca nunca participo en conflictos belicos como para decir que son buenos. Una estafa.,-7,2020-01-27 18:57:24.664000+00:00
Chevrolet Tracker 2019 5 puertas,chevrolet,Tracker,5,"√önica en su segmento por ser 4x4... el actual Gerente comercial de Chevrolet es un CRACK jajajaja, le sac√≥ el √∫nico diferencial que ten√°i con la competencia!!!! Di√≥s m√≠o que est√° mal de CV Chevrolet...",4,2020-07-20 22:55:23.731000+00:00
Chevrolet Tracker 2019 Manual,chevrolet,Tracker,1,Me compre as√© un mes y me da mucha pena averme gastado mi dinero en esta camioneta,-12,2020-04-29 14:19:39.448000+00:00
"Chevrolet Tracker 2020 4 puertas, full mecanico, AC",chevrolet,Tracker,4,"Muy c√≥moda, econ√≥mica lo malo le falta una 6ta marcha, falta confort en la parte de atr√°s (usb), falta techo panor√°mico estamos hablando de un auto de 15.000.000 de pesos chilenos... esa es mi opini√≥n",2,2020-02-17 02:51:59.479000+00:00
Chevrolet Spin 2020 Activ ltz,chevrolet,Spin,5,Es un fierro con caja automatica es increible . la nueva fue configurada diferente y el motor no gasta nada muy buena .super recomendable para todo uso paseo y trabajo.,1,2020-07-21 21:05:58.596000+00:00
Chevrolet Spin 2020 LTZ 7a,chevrolet,Spin,1,"Una verdadera BOSTA , es muy inestable a 120 km.La m√≠a es autom√°tica, gasta un huevo porque tiene el motor de 103 hp .El viej√≠simo motor del Corsa.Por ser calzonudo y hacerle caso a mi esposa me compr√© √©sta garompa. Ya la puse en venta con s√≥lo 3.000 km. , Por algo la compran los que no saben nada de autos.",3,2020-04-01 03:27:33.876000+00:00
Chevrolet Spin 2020 7 asientos,chevrolet,Spin,1,"La saqu+0 km y a la semana se me rompi√≥ la caja autom√°tica , La cagu√© vendiendo, es una basura. , No la recomiendo !!!",2,2020-04-01 03:18:32.517000+00:00
Chevrolet Spin 2019 LT,chevrolet,Spin,4,"Es un muy buen veh√≠culo familiar, espacioso y con buenas terminaciones est√©ticas. Muy conforme",2,2019-12-17 12:57:34.655000+00:00
Chevrolet Spin 2019 1.8 LTZ AT,chevrolet,Spin,4,"Compr√© una SPIN 2019 autom√°tica, ya tiene 7 meses de uso, la compr√© 0km con GLP, hasta ahora todo bien, es un poco gastadora pero las autom√°ticas son as√≠, adem√°s uso mucho el aire acondicionado, eso eleva el consumo. Muy contento con mi SPIN.",4,2019-11-29 15:40:30.904000+00:00
Chevrolet Spark 2020 1.2 spark sedan,chevrolet,Spark,5,Que tal es este veh√≠culo Chevrolet spark sedan,2,2020-08-27 13:36:37.053000+00:00
Chevrolet Spark 2020 lt cvt,chevrolet,Spark,3,Decepcionado del gasto de gasolina que promedia entre 11 y 12 km por litro,6,2019-12-04 22:29:52.751000+00:00
"Chevrolet Sail 2020 5 puertas, 1.5",chevrolet,Sail,1,"P√©simo vehiculo, de muy baja calidad en toda su estructura y funcionamiento. No lo recomiendo, lo tengo con 5000 km. Y ya esta fallando.",4,2020-09-07 18:44:42.358000+00:00
Chevrolet Sail 2019 4 puertas sedan,chevrolet,Sail,1,"Es lo peor que puede haber en vehiculos, a pesar de ser 1400 consume mas o igual que una camioneta 2000 de otra referencia que tenia anteriormente, despues de un ano de uso el auto parece todo desajustado y envejece muy rapido, con el dinero que se invirtio en este vehiculo hubiera sido mejor comprar otro, no lo recomiendo",3,2020-08-14 21:33:03.785000+00:00
Chevrolet Sail 2019 Ls,chevrolet,Sail,5,Es un carro que me ha parecido bueno por el precio que tiene,0,2020-07-27 00:57:40.363000+00:00
Chevrolet S10 2019 Doble Cabina HC,chevrolet,S10,3,"Hermoso dise√±o y confort. , Seguridad me parece poco 2 airbag. , Motor parece potente pero hoy vivo  con el terror de romperlo porque no conf√≠o en el sistema de filtrado de part√≠culas que alarma muy seguido y da terror que pase gasoil al aceite.",2,2020-06-09 11:41:06.744000+00:00
Chevrolet Sail 2020 SAIl 1.5 basico,chevrolet,Sail,4,"Me recaliente el motor, aparentemente no se enciende el ventilador. Qu√© hago ?",1,2020-03-07 21:41:26.342000+00:00
Chevrolet S10 2019,chevrolet,S10,3,se pasa el combustible al aceite que solucion hay en la consecionaria no tienen solucion hasta dentro de 60 dias,4,2020-03-15 21:37:33.054000+00:00
Chevrolet S10 2019 cabina simple,chevrolet,S10,4,"exelente camioneta,con esta es la quinta, y eso que tube ranger y toyota, de esta ultima exelente la pos venta, mucho mejor que las de eeuu",0,2020-02-11 14:31:24.634000+00:00
Chevrolet Sail 2020 4 puer6,chevrolet,Sail,1,Compre el veh√≠culo el 14 de septiembre.2019. Fallo caja de cambios con menos de 1300 km.y menos de 2 meses. No responde kovacs Vi√±a del mar y ahora me lo quieren devolver diciendo que esta sin problemas y que es por mala conducci√≥n m√≠a. Mienten me indicaron que hab√≠a fallado caja de cambios y que la reemplazar√≠a por una nueva no acepte. Y sigo pagando cr√©dito y sin auto por m√°s de un mes y medio,0,2020-01-26 02:24:34.147000+00:00
Chevrolet S10 2018 S10 LS C/D 2019,chevrolet,S10,2,"LA ARRUINARON CON ESE FILTRO DE PORQUERIA. EN MI CASO PARTICULAR ES DE USO DIARIO EN EL PUEBLO, ME COMPLICARON LA VIDA, HACE UN MES LA TENGO Y YA ME CANSO (SIENDO FANA DE CHEVROLET). SE QUE LAS OTRAS MARCAS TIENEN PROBLEMAS PARECIDOS, PERO BUENO NOSOTROS JUNTEMONOS Y EXIJAMOS SOLUCIONES ME PARECE",13,2019-08-06 20:12:13.950000+00:00
Chevrolet Sail 2018 CHEVROLET SAIL LTZ 2019,chevrolet,Sail,4,"tengo un 2019, LTZ, las llantas de 15, le dan buena altura y los rines de lujo con los que viene le quedan bien, carro suave , hasta ahora el carro tiene 3 meses, pero el rendimiento(eso si uso aire), no me da. le estoy haciendo seguimiento  y me da en promedio 30km/galon en cuidad, he leido por ahi que hay que esperar hasta los 5.000km y primer cambio de aceite, para que empiece a dar el rendimiento, mi forma de manejo no creo normal, trato de no acelerarlo forzado sino paulatinamente, los cambio los hago entre 2.000y 3.000rpm, que opinan?",6,2019-09-02 16:49:29.542000+00:00
"Chevrolet Sail 2018 Sedan, 2019,full",chevrolet,Sail,1,"P√©simo, el rendimiento, no supera los 9,5 k/l, en carretera, problemas con el computador, adem√°s tengo una vibracion tremenda, cuando lo prob√© en carretera, al llegar a los 133.000 k/h, pens√© que se desarmarla.",-9,2019-02-05 16:25:08.607000+00:00
"Chevrolet Prisma 2019 De 4 puertas, verison Joy, motor 1.0 flex",chevrolet,Prisma,4,"Es c√≥modo, me resulta muy econ√≥mico",0,2020-10-06 10:35:21.762000+00:00
Chevrolet Prisma 2020 4 puertas 1.4,chevrolet,Prisma,3,Tengo un prisma y al aceleran sobre los 90 km el motor anda entre las 3500 a 4000 revoluciones no se si ser√° normal o no,0,2020-08-06 01:12:17.760000+00:00
Chevrolet Prisma 2019 4 puertas full,chevrolet,Prisma,3,"Tiene 17500 km, es muy gastado da 10 kmxlt y se apagaron las luces bajas, los fusiles est√°n bien, no se a que se debe",-1,2020-03-14 17:22:52.644000+00:00
Chevrolet Onix 2020 Ltz,chevrolet,Onix,1,Estoy por comprar un chevrolet √≥nix que tal sera,0,2020-09-30 01:31:05.229000+00:00
Chevrolet Onix 2019,chevrolet,Onix,1,"Antes de los 5000 se le  cambi√≥ la bomba del agua, ahora con 12200  el modulo ECM se esta aislando, no presenta comunicaci√≥n, hasta el momento lo cubre la garant√≠a pero para ser nuevo no me parece tantos problemas",0,2020-09-16 05:05:16.597000+00:00
Chevrolet Onix 2020 Premier 5P 1.0 Turbo Automatico,chevrolet,Onix,1,"Con 454km se rompio  la  caja automatica, en los test hablan maravillas, pero la verdad que todo es muy berreta, solo  pantallita y accesorios  baratos! Los TPMS dejaron de funcionar con 15 km, los paragolpes de otro color, como  si  el  blanco  fuese dificil  de dar con el color,   aislacion acustica desastrosa! en fin! un low cost chino! con calidad de ese pais ensamblado  en brasil! y garantizado  de GM argentina!!!  una sinergia explosiva !!!! no lo compren!",0,2020-09-11 20:08:55.745000+00:00
Chevrolet Onix 2020 ONIX PREMIER II AT 4P 1.0,chevrolet,Onix,4,Sigo en la prueba del auto tiene pocos km,1,2020-09-09 23:29:32.441000+00:00
Chevrolet Onix 2019 ACT,chevrolet,Onix,3,EL ONIX ACT 2019  CONSERVA EL FULL DE ACEITE HASTA EL PROXIMO CAMBIO O EN EL TRANSCURSO DE ESE TIEMPO BAJA ACEITE ??,0,2020-09-07 00:40:54.827000+00:00
Chevrolet Onix 2020 Premier,chevrolet,Onix,1,"Falta guardabarro trasero derecho, se ve feo y por ahorrar dinero hacen √©se esperpento de dise√±o,muy feo y lastima que no v√≠ antes de comprar",-2,2020-07-21 15:58:05.312000+00:00
Chevrolet Onix 2020 Onix plus lt 1.2,chevrolet,Onix,2,Con solo 1000km se me qued√≥ en la calle  despu√©s de 2 d√≠as de estar  en el servicio t√©cnico me dijeron que es la bomba y que tengo que esperar d√≠as no saben cu√°ntos hasta que la env√≠en de fabrica,0,2020-07-18 21:49:36.991000+00:00
Chevrolet Onix 2020 5 puertas 1.4,chevrolet,Onix,3,Hola m√≠ √≥nix joy vino sin los cubre Ruedas traseros exterior.. sin las agarra manos..est√° bien que venga as√≠ o donde reclamo?,0,2020-07-02 20:14:11.885000+00:00
Chevrolet Onix 2019 4 puertas full equipo,chevrolet,Onix,5,Muy bueno excelente veh√≠culo muy c√≥modo espacioso estoy muy contento com mi elecci√≥n de mi auto,7,2020-01-26 16:09:47.077000+00:00
Chevrolet Equinox 2019 Premier,chevrolet,Equinox,4,"La verdad Muy contento, , Solo do Fallas, 17000 km dejo de funcionar una sensor de presion de ruedas y lo reemplazaron por garantia , Golpeteo en tren delantero, me dieron turno para cambiar bujes de tren delanteros por unos mejorados x garantia",0,2020-07-18 23:21:17.444000+00:00
Chevrolet Equinox 2019 premier 4wd,chevrolet,Equinox,5,muy buen vehiculo. solo es molesto el golpeteo de la suspension delantera al pasar sobre vias ferreas.,0,2020-05-31 01:56:56.984000+00:00
Chevrolet Equinox 2018 2019 premier plus,chevrolet,Equinox,1,"Con 5 meses de haberla comprado ha fallado en 2 ocasiones (es nueva de agencia) y solo cuenta con 1700 kilometros, lo peor que he comprado en mi vida ""NO LA RECOMIENDO""",4,2019-09-06 15:02:12.006000+00:00
Chevrolet D-Max 2020 4 puertas full,chevrolet,D-Max,4,"Bueno pero Chevrolet a hecho autos malos como en seguridad la Chevrolet sail Hola Chevrolet Aveo o Chevrolet spark Chevrolet spark GT ,  ,  , Hola Captiva tengo unos a√±os tuvo mala calidad de materiales interior",0,2020-01-17 03:00:15.789000+00:00
Chevrolet Cruze 2020 LT,chevrolet,Cruze,3,"El auto lo saqu√© de concesionario a los 300 km se quedo por problemas de bater√≠a no funcionaba nada, en lugar de cambiarla me mandaron devuelta con una carga lenta, (Car One). al los 3 d√≠as volvi√≥ a quedarse por problemas de bater√≠a, la cambian porque estaba en corto y perd√≠a l√≠quido (no se dieron cuenta la primer vez). El auto no me parece malo el andar, lindo manejo. Pero deja mucho que desear los controles de entrega y post venta. Chevrolet tampoco da las soluciones que se corresponden con un 0.",2,2020-10-10 03:50:09.952000+00:00
Chevrolet Cruze 2020 5 puertas,chevrolet,Cruze,2,Mala.calidad de terminaci√≥n ..a los 100 km ya vibra el habitaculo,1,2020-06-17 23:17:00.057000+00:00
Chevrolet Colorado 2019 4 puertas motor 2.9,chevrolet,Colorado,5,"Tiene 142843 y en ocaciones se apaga el aire ac y se apaga la temperatura, dura tiempo prendido el aire ac y se apaga",0,2020-03-18 20:52:36.055000+00:00
Chevrolet Colorado 2020 Lt crew cab,chevrolet,Colorado,1,Tengo una Chevy colorado 2020 con 4000 millas la transmisi√≥n patina el segundo cambio cuando esta fria,0,2020-01-14 17:08:36.851000+00:00
Chevrolet Colorado 2020 Autom√°tico y manual,chevrolet,Colorado,3,"Dura la amorguacion y los asientos, deb√≠ comprar otra",0,2019-12-23 02:37:14.947000+00:00
Chevrolet Cavalier 2019 Ls automatico,chevrolet,Cavalier,5,Me ha gustado mucho. Solo quisiera saber si la computadora central es factible que se la roben,2,2020-01-26 18:05:27.476000+00:00
Chevrolet Captiva 2020 7 puestos,chevrolet,Captiva,3,"Estoy enamorada de mi carro, es mi primer carro grande, pase de tener un SPARK GT y se siente mucho el cambio, me tiene aterrada es la gasolina, me prometieron promedio de 48km por gal√≥n, y mi carro se consume aprox 28 km por gal√≥n siendo motor 1500.",-3,2020-03-10 14:43:22.025000+00:00
Chevrolet Captiva 2020 Turbo 1.7,chevrolet,Captiva,4,"Hace un mes compr√© la chevrolet captiva  2020 , pero esta presentando problemas de aire acondicionado cuando estamos en alguna fila por el tranc√≥n. tambi√©n tiene un problema en la suspensi√≥n delantera como si algo met√°lico se golpeara .. ya ha entrado al taller del concesionario tres veses desde q la compramos y no hacen nada",-12,2020-02-04 23:17:12.419000+00:00
Chevrolet Captiva 2020 5 p. Motor 1.5,chevrolet,Captiva,1,"Con mi experiencia vivida subiendo Cuesta, es una careta. Ni regalado lo aceptar√≠a üò§üò§üò§üò§",4,2020-01-20 19:31:25.532000+00:00
Chevrolet Blazer 2019 4 puertas,chevrolet,Blazer,4,"yo muy contenta con mi Blazer 2019 , acabo de cumplir un a√±o con ella y ya me fallo el aire acondicionado  :(",1,2020-07-10 21:53:29.820000+00:00
Chevrolet Beat 2019 Beat,chevrolet,Beat,2,Buenas tardes alguien que me pueda ayudar con la caja del Chevrolet beat ya la repararon por garant√≠a la primera vez volvi√≥ a molestar no me la quieren cambiar agradezco su colaboraci√≥nnuevamente en el concesionario dice que son los sincronizadores que los volv√≠ a rayar 316 532 9414,0,2020-10-24 21:41:37.243000+00:00
Chevrolet Beat 2020 notchback,chevrolet,Beat,1,p√©sima elecci√≥n ... mala la.caja de cambios... p√©sima suspenci√≥n ... alto consumo de combustible ... apenas tengo 15000 km y estoy considerando devolverlo ...  malo malo...,0,2020-10-16 07:34:13.294000+00:00
Chevrolet Beat 2020 Premier,chevrolet,Beat,2,Lo √∫nico que puedo rescatar del veh√≠culo es el espacio interior y la capacidad del ba√∫l.. Tienes mucho por lo que pagas. En otros apartados... Muy mal consumo de combustible para ser un motor 1.2L (Tengo buenos h√°bitos de manejo y el carro me da a lo mucho 42 km/Gl en ciudad.) motor y caballaje peque√±os para un carro tan pesado y muchas cosas m√°s.,0,2020-10-16 04:51:18.825000+00:00
Chevrolet Beat 2020 Premier,chevrolet,Beat,1,Con apenas 3800 kmts ya le suenan los taquetes y toca canviarselos un carro nuevo y jodiendo no lo recomiendo üò°,0,2020-10-11 15:35:32.338000+00:00
Chevrolet Beat 2020,chevrolet,Beat,2,"Es una porquer√≠a su aire acondicionado, no enfr√≠a bien, apenas llevo una semana con el y ya lo odio",1,2020-09-19 05:44:38.095000+00:00
Chevrolet Beat 2019,chevrolet,Beat,2,"P√©simo! Se traba en las velocidades, no entran correctamente, se cansa r√°pido, se jalonea... S√© apaga de la nada, el medidor del tanque de gasolina no esta calibrado, no no no! Una p√©sima elecci√≥n, si gasta poca gasolina pero cada que se jalonea baja mucho la gasolina üòî",1,2020-09-16 05:08:05.342000+00:00
Chevrolet Beat 2019 4 puertas,chevrolet,Beat,3,"Insatisfecho, tiene problemas con el embrague, la caja tiene un sunbido, el motor suena como diesel, ahora estoy en espera de un veh√≠culo demo para que pueda dejar el veh√≠culo en servicio ya tardar√° de 2 a 3 semanas en salir del taller, les recomiendo que cualquier ruido que escuchen lo reporten a la agencia unque tengan 1 d√≠a con el, lean y revisen las garant√≠as y manuales para que est√©n enterados de los l√≠mites de las garant√≠as y tiempos de respuesta de las mismas",0,2020-03-03 16:05:16.376000+00:00
Chevrolet Beat 2019 Lt 4 puertas,chevrolet,Beat,3,"Es rendidor en carretera, parece ser que su √∫nico defecto es en la caja de direccion, tiene unos ruidos como de metal golpeando, me han comentado que son las ""bieletas""...",1,2020-02-25 05:17:58.800000+00:00
Chevrolet Beat 2019 heat black,chevrolet,Beat,1,"La entrada USB no funciona, hasta hace alg√∫n tiempo funcionaba normal, pero dejo de leer las memorias, sabr√°n si tiene algun fusible, o algo que pudo haberse afectado??...",-3,2020-01-30 23:47:37.430000+00:00
Chevrolet Aveo 2019 LT,chevrolet,Aveo,2,"gasta mucga gasolina y tiene un pesimo audio, ademas de que es muy solicitado por los rateros",0,2020-08-12 00:20:23.272000+00:00
Chevrolet Aveo 2019,chevrolet,Aveo,1,Es una basura el tablero se despedaza,0,2020-05-19 17:27:49.656000+00:00
Chevrolet Aveo 2019 4 puertas motor 1.5,chevrolet,Aveo,4,Que pasa cuando no prende la radio ni el reloj  y a los cuantos km puedo cambiar la banda de distribuci√≥n,2,2020-05-10 19:12:17.395000+00:00
Chevrolet Aveo 2019 1.5 est√°ndar,chevrolet,Aveo,3,"En ciudad con clima consume 8 km por litro, en carretera a 90 km por hora 14 km por litro a 120 13 km por litro, a 140 km por hora 10 km por litro lo que yo entiendo es que a pesar de ser un motor peque√±o y econ√≥mico es que a mayor velocidad mayor consumo.",-5,2020-05-06 19:14:35.126000+00:00
Volkswagen Voyage 2020 1.6,volkswagen,Voyage,3,Tengo un voyage 2020 excelente veh√≠culo por su interior .pero las puertas cierran con dificultad principalmente la del lado del pasajero.el motor cascabelea y me recomendaron fue usar gasolina extra grave ..porque otros usan gasolina corriente y no producen cascabeleo..en el concesionario no me pudieron solucionar ese problema un veh√≠culo con apenas 2  889 km .cambie las buj√≠as por intuici√≥n ya que soy tecnico automotriz y el cascabeleo se quit√≥..es un buen veh√≠culo pero el servicio en cartagena falta ser m√°s profundo en sus diagn√≥sticos ..,0,2020-10-22 15:05:41.948000+00:00
Volkswagen Voyage 2019 4 puertas sedan 1.6 msi,volkswagen,Voyage,5,Un auto accesible y dispuesto a trabajar ü§™,1,2020-06-27 16:32:01.671000+00:00
Volkswagen Voyage 2020 conforline AT,volkswagen,Voyage,4,"muy buena aceleraci√≥n y buen espacio para uso familiar, lo compre hace un mes es 16 v√°lvulas espero me salga  bueno, por el momento no me arrepiento que que para el segmento es muy buena opci√≥n",2,2020-01-09 16:54:23.431000+00:00
Toyota Yaris 2019 4 puertas sedan,toyota,Yaris,5,Excelente veh√≠culo. Econ√≥mico. Tiene 17.000 km sin problemas,0,2020-08-21 02:40:34.429000+00:00
Toyota Yaris 2020 5 puertas,toyota,Yaris,4,"Tiene pocos km todav√≠a no tengo una opini√≥n formada en cuanto a su andar, pero me gusta en general, tengo alguna duda a que cuando lo cierro este , no cierra los cristales ni techo, mientras que otros veh√≠culos si lo hacen, incluso pod√≠a bajar los vidrios con la llave, en este no.",0,2020-07-25 21:51:34.224000+00:00
Toyota Yaris 2019 4 puertas aut. Mor. 1.5,toyota,Yaris,5,"A un a√±o de compra, estoy muy satisfecho, muy buen rendimiento ni un problema mec√°nico al d√≠a de hoy buen carro...üëçüëçüëçüëçüëç",3,2020-04-01 03:13:59.755000+00:00
Toyota Tacoma 2020 4x4 edicion m√°s equipada,toyota,Tacoma,3,"Compre la Tacoma 2020 muy bonita c√≥moda buena suspensi√≥n pero cuando paso un tope o un bache se escucha un ruido como golpe en la suspensi√≥n delantera, Como si golpeara fierro con fierro.  La lleve a la agencia y me dicen que es el amortiguador delantero, pero la verdad ni creo que sea el amortiguador. Es tronido golpe muy audible a distancia.  solo la he usado en la ciudad. La verdad estoy muy desilusionado por que se supones que es a todo terreno.  , Ya que me la entreguen les informo si le quitaron ese ruido.",0,2020-10-18 02:55:01.048000+00:00
Toyota SW4 2019 AT 7 Asientos,toyota,SW4,4,"Muy bueno, el GPS tiene que mejorar.",0,2020-06-22 19:18:47.651000+00:00
Toyota Rush 2020 Transmisi√≥n Manual,toyota,Rush,4,"Le falta potencia especialmente cuando debes tomar una pendiente prolongada, adem√°s el tablero hace ruido cuando vas por calles adoquinadas o de piedra.",0,2020-10-04 00:24:12.291000+00:00
Toyota Rush 2019 Full,toyota,Rush,5,"Excelente suv. , Muy econ√≥mica, suave, frenos muy buenos, ajustes, muy elegante, no es demasiado grande como otras suv y m√°s costosas. Es Toyota , que no se equivocan.",2,2019-12-16 20:12:44.454000+00:00
Toyota Innova 2019 SRV,toyota,Innova,4,"Un familiar por excelencia, motor indestructible, andar impecable. De acuerdo a las especificaciones del motor, se puede usar con Nafta S√∫per lo cual no es un dato menor.",0,2020-01-16 10:40:03.249000+00:00
Toyota Hilux 2019 HILUX,toyota,Hilux,3,"Es un robo el consumo de hilux, si la traes en la chamba son 2 tanques cada 3 dia, esta cabron son 3500 en 6 dias! la neta mejor voy por una ranger! con lo del a gas pago la mensualidad alla",0,2020-10-13 19:50:21.596000+00:00
Toyota Hilux 2019 Toyota Hilux srv automatica,toyota,Hilux,4,Muy buena pero apenas agarras un pozo se desalienta. Ya me paso dos veces y ahora se prendi√≥ luz de control de tracci√≥n desactivada,0,2020-10-11 00:31:23.995000+00:00
"Toyota Highlander 2019 4 puertas,4 cilindros 2.7",toyota,Highlander,4,"en general es un buen veh√≠culo,corre y se desplaza muy bien para ser 4 cilindros,el espacio interior es c√≥modo,tiene buenos accesorios y excelentes features de seguridad;abs,sensor para cambio de carril involuntario,c√°mara de reversa,sensor frontal para frenado autom√°tico y evitar colisi√≥n etc. Pero,en mi highlander particular al acelerar a 60-70 mph se siente un ruido dentro de la cabina como si hubiera un cristal abierto y el viento de afuera entrara causando un ruido bastante molesto. Adem√°s cuando hago paradas en ocasiones el veh√≠culo hace por ponerse en marcha sin soltar el freno y empezar a acelerar.",0,2020-09-28 01:56:38.541000+00:00
Toyota Etios 2020,toyota,Etios,4,Tuve un 2014 Sedan X por trabajo... 250000 km con todos los service oficiales sin ning√∫n problema. Solo una vez en ruta se me quemo un fusible del alternador. Al d√≠a de hoy el pibe que lo compro lo usa de Uber. Hoy tenemos un xls hatch 2020 y viene bien equipado para el precio que vale. Es un auto fiel y confiable y la mec√°nica es muy buena. Como contra lo √∫nico que tiene es que los paragolpes son de pl√°stico muy blandito. Y las trabas que tiene para agarrarlo a la carrocer√≠a cuando te tocan de atr√°s o adelante estacionando se destraba. Y despu√©s no vuelve al lugar y queda feo.. unica critica que tengo despu√©s de 6 a√±os usando etios.,0,2020-08-31 23:29:14.797000+00:00
Toyota Etios 2019 4 puertas x,toyota,Etios,5,"por lo que vale y comparado con sus competidores, es el mejor, no se puede pedir mas, 0 problemas, economico si lo sabes manejar en vueltas, comodo interior, gran baul, ni se siente el motor, ya el base deberia tener llantas de 15 pulgadas , le pondre las llantas del xls, cuando se gasten las gomas . una masa el etios",2,2020-05-05 05:02:40.207000+00:00
Toyota Etios 2020 5 puertas,toyota,Etios,3,"est√° bueno, pero toyota no puede sacar un auto sin sensores de estacionamiento, luces de guantera, ba√∫l, y traseras, luz de niebla atr√°s, pack el√©ctrico poco moderno, y tablero muy chico con visi√≥n lejos para quien usa lentes, toda una cuesti√≥n negativa.",7,2020-04-17 20:20:41.156000+00:00
Toyota Etios 2019,toyota,Etios,5,muy bueno  exelente  experiencia lo compre en  AUTOESPAR 932117980 RECOMIENDO EL MODELO  SUPER ECONOMICO Y RINDE PARA TRABAJO,2,2020-01-22 18:58:49.822000+00:00
Toyota Corolla 2020 Xei 2.0 170cv Man,toyota,Corolla,3,"Consola central entre asientos muy alta, molesta para poner los cambios. , Apertura de ba√∫l con brazos interiores que molestan al cerrar cuando est√° lleno , No tiene apertura del ba√∫l desde afuera. , Al bloquear los cristales traseros para los ni√±os, tambi√©n bloquea el acompa√±ante.",1,2020-08-05 20:42:11.698000+00:00
Toyota Avanza 2019,toyota,Avanza,4,"Hasta hoy muy bien, estable buen manejo, no a tenido falla alguna solo que el motor es muy ruidosoa al principio pens√© que era falla pero pregunt√© a otros due√±os y dijeron que as√≠ trabaja",0,2020-09-10 15:51:24.122000+00:00
Toyota Avanza 2020 Xle,toyota,Avanza,5,"La acabo de adquirir es modelo 2020, cuenta con m√°s bolsas de aire , trae pantalla t√°ctil con Bluetooth, el clima es de botones y con una pantalla, tiene muy buena estabilidad en curvas, es suave, creo que mejoraron eso , muy econ√≥mica de gasolina, ten√≠a una cheyenne 2006 me gustaba 5000 pesos al mes , con esta el mismo recorrido gasta, 1;200 pesos, estoy muy contento, a ver c√≥mo se comporta m√°s adelante.",4,2020-02-11 17:29:21.767000+00:00
Toyota Avanza 2019 Manual quipada como XLE,toyota,Avanza,5,Es la mejor en cuanto precio-beneficio lo √∫nico que me gustar√≠a es que Toyota alg√∫n d√≠a le integrar√° control de tracci√≥n aunque se elevar√° el precio,0,2020-02-05 13:11:29.256000+00:00
Volkswagen Virtus 2019 Confortline,volkswagen,Virtus,5,"LLEVO 10.000 KM CON EL AUTO Y GRACIAS A DIOS BUENA MAQUINA NO ME HA DADO NINGUN PROBLEMA, IGUAL VEO COMENTARIOS POR SI ME PASA ALGO QUE OTRO LE PASO SABER .",0,2020-09-11 10:28:44.778000+00:00
Volkswagen Virtus 2020 Comfortline,volkswagen,Virtus,5,"Excelente auto. Dude un poco al comprarlo por las otras opciones que hab√≠a en el mercado, pero sin dudas que el Virtus ofrece calidad y confort, un aspecto que la competencia se queda corto. Impresiona ser un veh√≠culo segmento C, por lo menos en la versi√≥n de Uruguay. Apoyabrazos, salidas de aire para plazas traseras. , Suspensi√≥n y direcci√≥n excelentes. Muy buenas dimensiones.",3,2020-01-17 13:22:40.582000+00:00
Volkswagen Vento 2020 4 puertas 1.6 hp,volkswagen,Vento,3,"Hola buenos d√≠as yo adquiri un vent√≥ 2020 es mi primer auto que tengo me gusto mucho. Pero me lleve una sorpresa con todos estos comentarios. Mi problemas son varios los ruidos en las puertas crujen igual, pero tengo una problema mas serio cuando voy a carretera a mas de 100 km pierde su inestabilidad me jala de un lado derecho y como que la a llantas pierden el agarre de la carretera como que si se moviera el volante. Ya lo meti varias veces a las consecionaria donde lo adquiri y en otra y dicen que no tienen nada. Le eh pedido que me lo revisen bien y  cuando lo voy abuscar dicen que esta todo bien. Me ha decepcionado mi auto y apenas ning√∫n a√±o tengo conel.",6,2020-04-20 16:15:25.690000+00:00
Volkswagen Vento 2020 4 puertas versi√≥n inicial,volkswagen,Vento,2,"En general me gusta el auto pero al pasar el auto por zonas irregulares el auto cruje! Como si se torciera todo el auto y eso me inquieta mucho, se escucha en las puertas y en el techo del auto es un vento 2020 con 1200 km apenas",1,2020-03-06 14:34:23.165000+00:00
Volkswagen up! 2019 Gol Confortline,volkswagen,up!,5,"Entregu√© el Up y retire el Gol Conortline, ambos gracias a Dios y al trabajo 0 km, excelente versiones quiero llegar a la T-Cross la versi√≥n del medio. Tengo 65 pirulos espero andar en ella.",0,2020-08-18 07:29:20.168000+00:00
Volkswagen up! 2020 high,volkswagen,up!,3,"Estoy apunto de comprar un Up, me lo recomiendan?Gracias",0,2020-03-06 16:08:21.786000+00:00
Volkswagen T-Cross 2020,volkswagen,T-Cross,2,El sunroof comenz√≥ a so√±ar c√≥mo si tuviera algo desajustado lo llev√© al concesionario Autonal la felicidad en Bogot√° y me dijeron que eso no lo cubr√≠a la garant√≠a y ahora tengo un sonido que no se sabe de qu√© es pues parece como cuando tiene un icopor,0,2020-10-10 01:35:38.355000+00:00
Volkswagen T-Cross 2020 Highline,volkswagen,T-Cross,1,Problemas con los frenos al retenerlo frenado vibraciones en la direcci√≥n servicio post venta malisimo,0,2020-09-30 23:42:03.319000+00:00
Volkswagen T-Cross 2020 Highline,volkswagen,T-Cross,4,"Buena calidad. Agradable sensaci√≥n de manejo. A√∫n no lo pruebo en ruta por la cuarentena. Pero furioso porque hace una semana lo tengo y la pantalla hoy dej√≥ de funcionar, ni siquiera para la c√°mara trasera. Tendr√© que llevar al service por garant√≠a. Da bronca.",0,2020-07-23 22:30:18.032000+00:00
Volkswagen Scirocco 2020 2 puertas  √ó 2,volkswagen,Scirocco,5,Que tengo muchas Ganas de un modelo de esos x que he leudo algunas opiniones muy positivas y muy recomendables sobre de lo que yo ya pensaba sobre este modelo !,0,2020-03-16 19:29:03.429000+00:00
Volkswagen Polo 2019 Conforline 1.6 msi,volkswagen,Polo,5,"Cuando el motor est√° regulando es ruidoso, ahora tiene 1000 km pero lo hace desde 0km.",1,2020-07-26 10:52:46.123000+00:00
Volkswagen Polo 2019 VW Polo 5p 1.6 full,volkswagen,Polo,3,"No estoy conforme con las terminaciones del interior, cerrar de puertas, ruido del ba√∫l, mucho pl√°stico duro en las puertas... , No lo volver√≠a a comprar...Ven√≠a de un Golf 1.6 2015 ...que diferencia..",1,2020-03-06 12:46:25.413000+00:00
Volkswagen Jetta 2019 RLine,volkswagen,Jetta,2,Problemas de cambios de primera a segunda y de segunda a primera,2,2020-10-05 20:40:08.394000+00:00
Volkswagen Golf 2019 Conforline 1.4 Turbo TM,volkswagen,Golf,4,"Muy bonito corre genial en pista, pero en ciudad y caminos irregulares se sienten todas las irregularidades y eso me esta matando, casi perfecto, buen consumo, guarda mucho el calor por el quemacocos,",0,2020-04-09 15:39:46.591000+00:00
"Volkswagen Gol 2019 Full, 1.6",volkswagen,Gol,3,Opiniones acerca de  gasto en combustible. VW 2019 full 1.6,0,2020-08-18 21:39:23.320000+00:00
Volkswagen Jetta 2018 2019 confort Line 4 puertas,volkswagen,Jetta,1,No abre la tapa de la gasolina,-1,2019-11-14 02:51:17.955000+00:00
Volkswagen Gol 2019 4puertas motor 1.6,volkswagen,Gol,5,"buenas tares saludos tengo un gol sedan 1.6 a√±o 2019, pero no se si es de cadena de tiempo o correa, si pudieran ayudarme con eso gracias",1,2020-02-22 20:01:19.148000+00:00
"Volkswagen Gol 2019 Confortline 1,6 MT",volkswagen,Gol,5,"Es un buen auto, en relaci√≥n a su precio, actualmente tiene 20 mil km y ning√∫n problema de funcionamiento, lo que si tiene peque√±os detalles como sonidos en el asiento y la puertas traseras cuando ando en caminos mas √°speros, tiene un muy buen rendimiento si lo conduces pasando los cambios a los 2000 rpm y no pasando mas de 100 en carretera.",3,2020-01-03 19:08:30.069000+00:00
Volkswagen Gol 2018 Tren line gold 2019,volkswagen,Gol,5,Que tipo de aceite se le pone a un gol trendline 2019 el mas recomendable??  Semi sintetico o sintetico? Y en que densidad? Ya que es la primera vez que le hare servicio.,-7,2019-09-23 14:46:24.872000+00:00
Volkswagen Amarok 2020 140 hp,volkswagen,Amarok,5,"Buenas noches, es la segunda que tengo inigualable, salvo con mi Jeep Grand Cherokee limited v8 4x4.",1,2020-07-13 00:01:28.467000+00:00
Seat Ibiza 2018 Ibiza excellence 2019,seat,Ibiza,4,"Hola, adquir√≠ mi Ibiza excellence hace 15 dias, y ya tiene peque√±os ruidos (b√°sicos) por ejemplo cuando va en carretera suena mucho el bot√≥n del freno de mano, cuando tengo una canci√≥n con bajo en el tablero algo golpetear, la charola que cubre la cajuela tambi√©n de repente golpetea mucho, hasta creo que puede ser normal, pero para un coche de 15 d√≠as 500 km pues bueno.... Lo que no me gust√≥ es que al frenar en ocasiones rechina como si estuviera mal de los frenos.... Que podr√° ser saludos ....",1,2019-05-14 18:53:09.244000+00:00
Renault Stepway 2020 Cvt,renault,Stepway,3,"PS la verdad el carro me ha parecido muy bueno ,,,,pero tiene un cascabeleo en subida cuando el carro empieza hacer los cambios y no se qu√© hacer...me dicen que tengo que tanquearlo con extra pero el bolsillo no alcanza",0,2020-01-16 04:42:40.855000+00:00
Renault Stepway 2020 Stepway F.E.,renault,Stepway,1,"La caja autom√°tica no me ha gustado para nada, no tiene casi fuerza y se demora mucho en tomar el cambio, lo que hace adicionalmente que tenga un alto consumo de gasolina",3,2020-01-05 00:03:06.418000+00:00
Renault Stepway 2019 Stipway volcom,renault,Stepway,4,"Por el precio, muy basico en tecnologia.",4,2019-12-26 21:27:41.186000+00:00
Renault Stepway 2020 automatico,renault,Stepway,4,la verdad llevo tres meses con el vehiculo lo saque de agencia me aparecido muy bueno muy compacto y sobre todo muy silencioso  lo recomiedo tuve que llevarlo el primer mes para revision y el servicio postventa excelente . en general muy buen auto,2,2019-12-12 21:46:11.086000+00:00
Renault Sandero 2019 4 puertas,renault,Sandero,2,"Buenas tardes, sucede que tengo una vibraci√≥ en la cajuela c√≥mo  si vibrara el vidrio trasero, en la puerta del ba√∫l, ya busqu√© por todo lado y no encuentro q hace q vibre as√≠ q puede ser ?",0,2020-07-11 17:39:18.786000+00:00
Renault Sandero 2019 Finamik,renault,Sandero,5,Alguien me puede ayudar donde se encuentra el c√≥digo del estereo son 4 n√∫meros solos o con letras,0,2020-07-09 17:24:21.173000+00:00
Renault Sandero 2020 Sandero,renault,Sandero,1,El  sistema de carga de combustible muy malo un verdadero problema tenia que ser m√°s f√°cil para cargar la reducci√≥n que tiene en el tanque una porquer√≠a pens√© que ser√≠a algo mejor me arrepiento mala decisi√≥n la empresa deveria cambiar el sistema y llamar los propietarios y dale una soluci√≥n,0,2020-06-24 14:31:22.790000+00:00
Renault Sandero 2020,renault,Sandero,5,"Excelente carro, 11000 km y no tengo queja",2,2020-04-08 13:41:15.117000+00:00
Renault Sandero 2019 sandero full equipo,renault,Sandero,5,vehiculo muy bueno 30.000km excelente no engo quejas de el pata si le he dado pero se porta bueno solo gasolina aceite y carretera se los recomiendo buena maquina,0,2020-04-01 01:15:06.037000+00:00
Renault Sandero 2019 life evolution,renault,Sandero,5,"Excelente carro, amplio, c√≥modo, no tiene problemas en destapadas por su altura. Hasta ahora lo √∫nico que le he gastado ha sido el mantenimiento de los 10 mil km.",2,2019-12-06 20:40:31.845000+00:00
Renault Master 2018 2019,renault,Master,2,"Hola jente, tengo una Renault Master 2018 la compre este a√±o 2019 en enero tiene reci√©n 2000 km. De recorrido y me desafi√≥ e un tour que fui, sub√≠ hasta los 4500msm lo apagu√© el motor durante unas 3 horas y no quiso volver a prender luego ,  lo precalente varias veses, intente varias veses y luego de mucho intento empez√≥ a reaccionar lentamente y ahora da un poco de temor volver a ir a esa altura, no s√© si eso es normal en la marca o se tiene que hacer un mejoramiento por qu√© hay otras marcas como la Toyota, mercedes, hasta veh√≠culos chinos y no hay ese tipo de fallas en ellos, qu√© pas√≥ con mi Renault Master nueva? .",1,2019-03-18 19:07:58.333000+00:00
Renault Logan 2019 4 puertas motor 8 valvulas,renault,Logan,4,"Buen auto , Buenas prestaciones",0,2020-10-01 21:16:29.780000+00:00
Renault Logan 2019 Logan automatico 1.6,renault,Logan,5,"Hola amigos tengo un Logan autom√°tico 1.6, ensamblado en Colombia, les cuento que es una auto c√≥modo, espacioso, no he tenido problemas los chequeo lo hago en la concesionaria por garant√≠a de servicio, como critica seria que pierde potencia al iniciar una cuesta y consume demasiado combustible",1,2020-02-18 20:44:03.389000+00:00
Renault Kwid 2020,renault,Kwid,4,"pues es un vehiculo muy economico, llevo un a√±o con ello y hasta la fecha ningun problema y me da 19.8km/ 1 litro",1,2020-10-16 11:50:23.072000+00:00
Renault Kwid 2020 life,renault,Kwid,2,1500 kilometros testigo multifuncion naranja encendido,0,2020-10-09 19:46:53.764000+00:00
Renault Kwid 2020 Oudsider,renault,Kwid,3,Hasta el momento buen carro economico lo malo es que las latas parecen de papel se unden con nada,0,2020-09-23 01:19:30.072000+00:00
Renault Kwid 2020 Zen,renault,Kwid,5,"Buen d√≠a. Acabo de adquirir un kwid. M√°s de lo q esperaba en el servicio posventa. Espero seguir as√≠ y poder ayudar en lo q piedra, compartiendo mis experiencias.",0,2020-08-16 15:20:57.567000+00:00
Renault Kwid 2019,renault,Kwid,5,"Hasta el momento va todo bien, me atterra la fuerza que tiene para un motor de 1000cc el consumo de gasolina ha sido bajo y siempre estoy con el AA encendido.",2,2020-08-11 14:40:51.856000+00:00
Renault Kwid 2019 iconic,renault,Kwid,4,"un excelente carro muy economico, tengo un a√±o con el y he echo viajes medianos con un solo tanque de gasolina, excelente vehicuo",3,2020-07-11 13:32:06.898000+00:00
Renault Kwid 2020 Iconic,renault,Kwid,3,"Hola, me compr√© mi kwid Iconic en el mes de febrero, la verdad estoy contento, aunque siendo honesto si tiene algunos detalles, en primer lugar, el coche tal vez por el ensamblado econ√≥mico y los materiales, de repente se le escuchan como que ruidos en la carrocer√≠a, al momento de subir de andar, pero me imagino que es normal, pues es un coche econ√≥mico, aunque aclaro que dichos ruidos o sonidos, no afectan el funcionamiento.  ,  , Yo en particular, tuve un detalle con una fuga de aceite, pero entro en garant√≠a y la arreglaron sin problemas, hoy en d√≠a, no ha presentado ese problema nuevamente, de igual manera estoy por llevarlo al primer servicio y comentare un ruido que hace al reversa y en primera, he leido otros foros y al parecer es el embrague, si es as√≠, tiene que entrar en garant√≠a, pero aclaro que igual solo es de vez en cuando, no lo hace siempre, lo he escuchado solo unas pocas veces, pero aun as√≠ es bueno que lo revisen.  ,  , Con respecto al rendimiento, a mi en lo particular me ha dado hasta 16 km por litro, me imagino que influye mucho mi manera de manejar, el veh√≠culo tiene confort para ser un Citycar, y es c√≥modo, solo lo he sacado a carretera a viajes de no mas de 120 km de ida y 120 km de distancia, tipo Pachuca - cd Mexico, se comporta bien, siempre y cuando vayas a velocidad moderada, unos 100-120 km/h, no mas, ya que se siente inestable, en cuando a si lo manejas en ciudad, es un auto incre√≠ble, cabe en todos lados, y tienen buena potencia, en subidas si llegas a sentir como le cuesta, pero nada del otro mundo, sube sin problemas. Espero esta peque√±a rese√±a les sirva a personas que esta por adquirir uno. Saludos desde Mexico.",14,2020-07-09 19:30:20.549000+00:00
Renault Kwid 2019 zen,renault,Kwid,4,"Lo tengo hace un a√±o y ning√∫n problema. Lo us√© en ciudad y viajes cortos hasta ahora, y si desde el principio sos consciente que no compr√°s una camioneta ni un deportivo, sino un city car econ√≥mico y maniobrable, es una buena opci√≥n.",1,2020-06-03 17:46:42.210000+00:00
Renault Kwid 2019 INTENS,renault,Kwid,5,"Es un cochesazo!!! lo compr√© hace mas de un a√±o y le he metido 140,000 kms!! de carretera y lo he corrido hasta 160 km/h de bajada!! de subida me bajo a empujarlo porque s√≥lo no puede pero es normal. Adem√°s en la agencia me comentaron que cuando se canse el motor le pueden poder uno de go cart y funciona igual y mas barato que el original. Espero les sirva mi experiencia, saludos desde Ashtonville Oaxaca.",2,2020-05-29 17:46:50.420000+00:00
Renault Kwid 2019 zen,renault,Kwid,3,"El auto es un city card , el que lo compre pensando que se puede ir de viaje con el se equivoca. Solo tiene 66 caballos y le cuesta en los sobre pasos en ruta lo que puede causar graves consecuencias. El auto debe comprarse para andar en ciudad que el uso en el cual esta pensado. No se le puede pedir mas . Es muy practico , econ√≥mico.",0,2020-05-25 14:54:27.301000+00:00
Renault Kwid 2019 outsider,renault,Kwid,4,"Hola soy de M√©xico, de Le√≥n Gto, adquir√≠ el primer Kwid versi√≥n outsider de la ciudad, apenas sal√≠a a la venta, la verdad estoy muy contento con el Kwid, es el primero de la renault que compro y hasta ahora me ha salido muy bien, muy econ√≥mico en gasolina, me da de 17 a 18 km x litro en ciudad, ea excelente el rendiniento, si batallo en subidas por la poca potencia, lo he sacado en carretera y ha jalaso miy bien aunque no es muy r√°pio si levanta f√°cil los 100-120kms, ya arriba de los 120kmssi es inestable, pero es obvio x ser un carro peque√±o, la cajuela esta s√∫per amplia, los servicios de agencia son muy econ√≥micos, en general le doy un 8 de calificaci√≥n para ser mi primer renault, saludos",6,2020-05-21 02:36:16.932000+00:00
Renault Kwid 2020 Outsider,renault,Kwid,5,"Veh√≠culo econ√≥mico y bien logrado, funciona perfectamente tiene 9000 kms comprado en junio de 2019",1,2020-04-12 14:44:51.867000+00:00
Renault Kwid 2019 4 ptas,renault,Kwid,1,Es una basura esta marca y lo malo es q no se hacen responsables de sus broncas veo poco profesionalismo. El auto trae 2000 km tres meses tiene de uso,-5,2020-04-04 15:12:53.999000+00:00
Renault Kwid 2019,renault,Kwid,4,Me gustar√≠a saber si alguien sabe como regular los faros delanteros,2,2020-03-16 11:34:31.221000+00:00
Renault Kwid 2019 Zen 1.0,renault,Kwid,5,"Casi no lo compro debido a los comentarios de este foro y en verdad hasta ahora a mi me resulto excelente.Muy economico.Frena muy bien.Ningun ruido, al contrario.Recordemos q es un 3 cilindros y de por si ya es un motor ruidoso pero el auto trae excelente sonorisacion.Lo anduve a 120 km/h y lo de la inestabilidad no se de donde lo sacan pero no lo senti inestable en ningun momento y eso q lo andube con lluvia a proposito para probarlo.Se prendia el testigo del pedal del acelerador y lo andube como me pide la computadora de abordo haciendo los cambios cuando lo solicita y en 3 dias se corrigio solo.En fin por ahora muy recomendable",5,2020-03-15 15:15:26.011000+00:00
Renault Kwid 2020 iconoc,renault,Kwid,3,"Rayos, acaso no hay gente de M√©xico que lo haya comprado y pueda darnos su opini√≥n????????",7,2020-03-13 12:52:40.727000+00:00
Renault Kwid 2020 4 puertas full,renault,Kwid,1,Es Renault kiwd es una porquer√≠a llevo con el seis meses y lo he llevado 5 veces a garant√≠a por ruidos en el mofle por qu√© se quedo sin freno de mano por qu√© estaba derramando el l√≠quido de enfriamiento por que suena muy feo al reversar y el pesar de embrague muy duro y ruidoso y la √∫ltima vez por qu√© se le revent√≥ el soporte trasero del motor y los bujes de las tijeras lleva m√°s de 20 d√≠as en el taller y lo mejor que no tienen los repuestos y tampoco saben cu√°ndo llegan no recomiendo este veh√≠culo,3,2020-03-03 23:08:14.406000+00:00
Renault Kwid 2019 Intense,renault,Kwid,1,"Es una porquer√≠a, desde que lo compre le suenan todos los pl√°sticos, a los 3000km tuve problema con el pedal, a los 8000km, la tapa perd√≠a aceite, a los 11000km me vibraba el tren delantero, en la garant√≠a me dijeron que eran los neum√°ticos deformados y que la garant√≠a no los cubria, cambio los neum√°ticos y sigue igual, este auto es una mierda, y el respaldo de Santa Rosa en Uruguay es una cagada, te toman del pelo, no te revisan nada, y te lo entregan como que ya est√° solucionando el problema, me lo tuvieron un mes y medio en el taller  de Maldonado Punta del Este , y cuando me lo entregaron, segu√≠a igual, unos estafadores!",2,2020-02-26 15:41:35.047000+00:00
Renault Kwid 2020 4 Puertas,renault,Kwid,3,"tiene buena fuerza para ser 1,000 pero el ruido en los frenos es insoportable",0,2020-02-06 21:48:26.897000+00:00
Renault Kwid 2020,renault,Kwid,1,Alguien de M√©xico q lo haya comprado?,6,2020-01-18 23:10:09.116000+00:00
Renault Kwid 2020 Kwid,renault,Kwid,3,"Vehiculo con tan solo 3000 km y el sistema de frenos no funciona al üíØ üíØ demasiado ruido, el cambio 2 no ingresa en algunos momentos,, hoy lo llevare por garant√≠a, üò•,, lo unico es buen rendimiento",3,2020-01-15 15:21:14.899000+00:00
Renault Kwid 2019 Iconic,renault,Kwid,1,"P√©simo veh√≠culo, los amortiguadores de juguete, frenos hacen mucho ruido, a 120 el coche se descontrola no tiene nada de estabilidad, mucho ruido en su caja de cambios y vibra much√≠simo el motor 100% arrepentido de comprarlo 7000 km y aun no puedo encontrar algo bueno por favor si ves este comentario no lo compres!",3,2020-01-10 02:30:07.148000+00:00
Renault Kwid 2019 5 puertas,renault,Kwid,2,"Tiene menos de 2000km y 4 meses que lo tengo: no funciona aire acondicionado, lo lleve 4 veces agencia, dicen est√° arreglado y a los pocos dias esta igual, no s√© qu√© hacer!!!!",3,2020-01-04 23:53:02.939000+00:00
Renault Kwid 2019 Iconic,renault,Kwid,1,"La verdad un desastre este veh√≠culo. Lo unico que tiene de bueno es no tener que comprarlo. A los 20kilomentros literal que lo compre se me funde. 65 d√≠as despu√©s me dan el mismo arreglado a nuevo en teor√≠a como nuevo,  los frenos de adelante hacen mucho ruido y encima cuando quer√©s frenar parece que no llegas est√°s con culo en la mano.  Ruido cuando salis parado en la marcha 1 y dos. Parece que se est√° desarmando. Me quiero matar con esta compra. Deci que 550 lucas no son nada. Es ir al cajero y listo. La verdad Dios ilumine su camino y vean este m mensaje as√≠ est√°s lejos de adquirir este veh√≠culo que m√°s que un veh√≠culo es una lata con ruedas",6,2019-12-03 03:49:34.305000+00:00
Renault Kwid 2018 Outsider modelo 2020,renault,Kwid,1,"Compre mi vehiculo kwid 2020 en Colombia  ,, estuve 11 dias y recorri 388km, se prendio el testigo de los frenos abs, y resulta ser q llego el computador pero no tienen disponible el software y los estan elaborando  , sin tiempo definido dr en entrega, estoy en Colombia.",3,2019-11-02 21:46:43.284000+00:00
Renault Kwid 2018 zen mod 2020,renault,Kwid,4,"economico, sin problemas tecnicos hasta el momento. buena contruccion para el segmento en el que esta el vehiculo",3,2019-09-25 22:09:01.632000+00:00
"Renault Logan 2018 Logan 2020, 1600cc 8 v√°lvulas",renault,Logan,5,"Una belleza. Gratamente sorprendido. Es el de1600cc 8 v√°lvulas y es poderoso, much√≠sima fuerza y eso que vivo en La Paz-Bolivia a m√°s 3000 metros sobre el nivel del mar y a esta altura los motores sufren por falta de ox√≠geno. Much√≠simo espacio. Lo tengo muy corto tiempo, apenas 500 km pero muy feliz. Desde que se enciendes el motor te saca una sonrisa la potencia de esa m√°quina. De 0 a 100 km hora en 12 segundos. No imagino c√≥mo ser√° cuando pas√© su periodo de rodaje.",3,2019-07-08 02:32:12.499000+00:00
Renault Kangoo 2018 2019 la kangoo 2,renault,Kangoo,5,Quiero comprar la nueva kangoo es recomendable,0,2019-10-25 10:06:34.550000+00:00
Renault Duster 2019,renault,Duster,2,"Autom√°tica 4x2 2.0. Relativamente nuevo, aunque es 2019 lo compre hace 4 meses de agencia, poco uso, pero ya me esta comenzando a decepcionar, le falta potencia, pendejo para adelantar, si lo exijo en autopista de pronto pierde potencia y se apaga, si lo llevo por carreteras con muchas pendientes y prolongadas pierde potencia y se apaga... tengo que dejarlo enfriar varios minutos para poder continuar, no me atrevo a realizar un viaje largo por miedo a que me dejo botado... en la agencia solo pretextos, espero que solo sea mala suerte y que pronto ya den con el problema para ver si vuelvo a confiar en Renault.",4,2020-08-02 05:57:56.749000+00:00
Renault Duster 2019 1.6,renault,Duster,4,me parece. exelente  vehiculo,1,2020-03-03 19:12:03.102000+00:00
Renault Duster 2019 4 puertas,renault,Duster,1,"Es la segunda vez que le cambian la bomba de gasolina, es una estafa el mismo gerente dice que las bombas del nuevo proveedor salieron mal... Hay que denunciar ante la profeco",0,2020-02-18 23:26:45.859000+00:00
Renault Duster 2020,renault,Duster,5,"Estoy interesado en adquirir una camioneta de estas; pero me gustar√≠a conocer la experiencia de los que ya la tienen en las versiones 2.0 y 1.6. Mec√°nica. Tengo dudas por cuanto la 1.6 me es m√°s f√°cil de comprar. La idea es usarla en ciudad y una que otra vez por destapado, pero no necesariamente trabajo pesado. Les agradezco.",13,2019-11-30 15:11:19.007000+00:00
Nissan X-Trail 2019,nissan,X-Trail,2,"Realmente un carro con una pesima caja cvt, q no se compadece del eso y potencia del vehiculo, basicamente es una tortuga para pasar en carretera con un consumo altisimo digno de un V6. La compre nueva y NO se la recomiendo a nadie, me la aguante 6 meses y bye, es un carro de abuelito.",1,2020-07-25 23:40:12.029000+00:00
Nissan X-Trail 2019,nissan,X-Trail,1,"Estoy en la misma situaci√≥n tuve un accidente en octubre del 2019 con mi Xtrail con 6 meses y todav√≠a al d√≠a de hoy 28 de mayo de 2020 les falta piezas para la realizaci√≥n y sigue en el taller. , Son un desastre y en Espa√±a funciona fatal no decir de atenci√≥n al cliente que nisiquiera contestan, les da igual las reclamaciones est√°n m√°s que acostumbrados. , No hay que comprar Nissan, desde luego que con mi experiencia jam√°s volver√©.",0,2020-05-28 09:52:12.093000+00:00
Nissan X-Trail 2019 2.5,nissan,X-Trail,5,"Llevo un a√±o con ella. Muy c√≥moda, el techo en vidrio excelente para distraer a los pasajeros, los dos puestos adicionales (tiene 7) perfectos para ni√±os (y hasta para adultos de baja estatura en viajes cortos). ,  , El consumo de combustible  me parece bueno, promedio en ciudad 30k por gal√≥n (con aire acondicionado) y en carretera 54k por gal√≥n (con a.a. y utilizando mucho el control de velocidad crucero). La comparo con una Tucson 2.0 mec√°nica (Excelente carro tambi√©n, nunca fall√≥ en 6 a√±os) y el ahorro de combustible es de casi el 30%. ,  , No me gusta la calidad de la pintura. Se raya f√°cilmente. La comparo con la Tucson y aquella ten√≠a una pintura que no se pelaba con casi nada.",3,2020-02-12 00:53:35.363000+00:00
Nissan Versa 2020 advance MT,nissan,Versa,5,"busco instalar descansabrazos en mi versa 2020, quiero saber si alguien en este foto ya lo hizo??? como lo hizo ?? me ubico en el estado de veracruz",1,2020-10-19 01:56:23.261000+00:00
Nissan Versa 2019 Advance,nissan,Versa,5,Quisiera que me orientar√°n si este paquete de aceite y filtro le quedar√≠a bien a mi versa 2019 es Quaker state 5w-30 sintetico API SP - GF 6A y filtro FRAM,0,2020-09-13 03:03:05.567000+00:00
Nissan Versa 2019 Versa,nissan,Versa,4,"Aveces no prende ,,,ya cheque los pedales le aplan√≥ al bot√≥n de encendido y se batalla un rato y de rato prende",-1,2020-07-19 13:38:49.339000+00:00
Nissan Versa 2020 Sense TM,nissan,Versa,1,"La unidad le rechina el embrague, ya se desclocho una vez y la agencia le no da respuesta",2,2020-07-11 21:29:25.856000+00:00
Nissan Versa 2019 Adcance,nissan,Versa,3,"Mi Versa comenz√≥ a presentar ligera falla en el cambio de velocidades en el mes 10, se trabaja espor√°dicamente al hacer los cambios, en el mes 11 definitivamente lo lleve a la agencia porque de plano no se pod√≠a hacer ning√∫n cambio, b el diagn√≥stico fue que se rompi√≥ un gancho de la base de la palanca de cambios de velocidad, dos meses despu√©s vuelve a fallar los cambios de velocidades, con todo y que se le hicieron sus servicios en tiempo y forma, no puede ser que en un a√±o me falle de es manera, por algo compr√© un auto nuevo, para no batallar, creo que es defecto de f√°brica, me pueden dar si opini√≥n.",8,2020-02-24 03:36:51.162000+00:00
Nissan Versa 2019,nissan,Versa,3,A los cuantos kil√≥metros se debe hacer el servicio del versa despu√©s de realizarle el de 10000,-5,2020-01-13 17:50:11.393000+00:00
Nissan Versa 2019 1.6,nissan,Versa,5,en mi carro todo est√° muy bien pero la semana pasada le instale una alarma de presencia la v2 y al d√≠a siguiente andaba trabajando bien llegu√© al centro comercial lo apague como por 2 minutos a 3 minutos lo quise volver a encender y ya no me dio por m√°s que le apretaba el boton de encendido cada vez que lo apretaba no no daba fuerza el motor y este y bajaba lavander√≠a ya van de esto tiene dos semanas ayer me voy a volver a hacer lo mismo el d√≠a de ayer me volvi√≥ a ser lo mismo entonces no s√© si sea la alarma que le pusieron corto o tenga que ver algo la radiofrecuencia o ya iba a empezar a fallar aunque yo no lo viera puesto la alarma,1,2020-01-02 01:20:47.235000+00:00
Nissan Sentra 2019 Aut Gasolina Nissan exclusivo,nissan,Sentra,3,Esmuy bueno pero por la faya nose si est√°n saliendo malos de fabrica,-1,2020-10-24 18:22:58.738000+00:00
Nissan Sentra 2019 4 ptas sentra,nissan,Sentra,4,"Se calienta, no prende el ventilador para enfriar el motor, solo prende con el aire acondicionado",-2,2020-10-05 03:26:14.921000+00:00
"Nissan Quest 2020 4 puertas,full,motor 6v",nissan,Quest,3,Q opinan de la Nissan quest 2008 alguien sabe algo,-1,2020-09-23 22:52:29.250000+00:00
Nissan Qashqai 2019 1.5dci,nissan,Qashqai,3,Me gusta mucho mi coche pero ya he tenido varios problemas con el,0,2020-09-25 21:55:50.988000+00:00
Nissan Qashqai 2020,nissan,Qashqai,2,Shuuuu con todos estos comentarios no me compro un qashqai ni caaa!!,0,2020-09-17 23:02:39.779000+00:00
Nissan Qashqai 2020 nissan qashkai 2.0,nissan,Qashqai,2,"P√©simo, duro, se a los 3000Km comenzo a fallar se queda pegado pedal embrague, siempre pense que Nissan era buena m√°quina, decepcionada total",0,2020-06-03 13:18:49.125000+00:00
Nissan NP300 2020 NP300,nissan,NP300,1,"Buena camioneta en terminos generales, la version estacas es espaciosa, pero consume bastante gasolina.",0,2020-09-19 18:42:06.200000+00:00
Nissan NP300 2020 Estaquitas,nissan,NP300,2,"No tiene fuerza, le cuesta trabajo las subidas, incluso vacia. , Lo peor es el rendimiento 7.0 km/lt de magna o 7.5 km/lt con premuim",1,2020-09-07 23:11:52.675000+00:00
Nissan NP300 2019 Frontier le doble cabina,nissan,NP300,1,"La verdad la compr√© en sado Texmelucan, me la dieron muy doblada del cofre y abolladuras en batea y los pl√°sticos de adentro manchados, te la dan en la noche para que no se vean los detalles y cuando haces el reclamo te dicen que te la dieron bien, hace mucho ruido la caja  al realizar un cambio, muy gastalonas la verdad me desecciono, fui ala agencia por la caja de velocidades y me dijeron que no sab√≠a manejar, que tendr√≠a que poner las velocidades y darle su tiempo.",0,2020-05-25 04:02:48.776000+00:00
Nissan NP300 2020 4 puertas 4x2 SE,nissan,NP300,3,"Es una NP 300 comprada de agencia, modelo SE 4x2 de 6 velocidad. , En primer instancia es muy gastona, en carretera cuidando la velocidad de no subir de 110 km/h sin pasarla de 2,500 revoluciones, el vehiculo gasta 10.6 litros por cada 100 kimoletros y eso es ir muy lento. Si subo el prmedio de velocidad a 130 km/h el gasto de disel dismunuye a 9,0 litros por cada 100 , El vehiculo en plan  llega a 160 km pero el motor va frosado, las revoluciones llegan arriba de las 4,800 revoluciones y es esto lo que la hace gastona, desde que supera los 110 en sexta el motor necesita un s√©ptima velocidad que no tiene y desde esa velocidad para arriba el motor se fuerza para alcanzar mas volicidad, les hizo falta una velocidad mas en esta versi√≥n. , por lo dem√°s el vehiculo es muy confrotable, seguro, estable en curvas, f√°cil de maniobrar, muy robusto. Aun no la llevo a su primer revisi√≥n. , Me siento mal con mi compra ya que el vehiculo es muy lento",7,2020-01-14 17:38:14.095000+00:00
Nissan March 2020 sense,nissan,March,4,"Muy buen auto, ruidoso; entre pasar por tantos baches y topes, despu√©s de 6 meses tuve que ponerle vinil (de los que usan los alumineros para las ventanas) centrado y metido a presi√≥n entre el pl√°stico y el cristal, con eso elimin√© los ruidos a m√°s de 80km. Por fricci√≥n del pl√°stico. , Adi√≥s al ruido",0,2020-07-13 17:26:52.919000+00:00
Nissan March 2020 5 puertas sense at,nissan,March,3,"lindo auto teniendo en cuenta su precio. no me arrepiento de haberlo comprado aunque hay otras opciones en su segmento que lo puden superar tanto en consumo seguridad etc. el todo es mas que la suma de las partes, y este auto es una opcion valida todavia por lo menos en argentina que no tenemos mazda suzuqui y otras marcas que estan muy caras por el arancel de el 35%. lo recomiendo pero no dejen de contemplar otras opciones",1,2020-06-18 03:12:25.046000+00:00
Nissan March 2020 Active,nissan,March,5,"Muy buen carro, excelente aceleraci√≥n y potencia, econ√≥mico siendo un 1.6, comodidades b√°sicas acorde a su segmento, buen espacio interior, motor algo ruidoso en altas revoluciones y le falta la barra estabilizadora la cual se le siente en algunas curvas cerradas",2,2020-05-07 20:08:28.614000+00:00
"Nissan March 2020 Autom√°tico, 4 puertas",nissan,March,4,"Estoy contenta con mi Nissan, es un excelente auto, tiene bastante fuerza, economico en combustible y sobre todo seguro, buena estabilidad, su direcci√≥n es bastante segura. C√≥modo para viaje largo, conducirlo es muy f√°cil. , El ser autom√°tico ayuda mucho.",8,2020-01-23 20:55:55.754000+00:00
Nissan March 2019 Active,nissan,March,5,¬øC√≥mo puedo quitar el bloqueo de este march del connect finder? Saludos,4,2020-01-09 22:07:40.037000+00:00
Nissan Kicks 2020 FULL,nissan,Kicks,3,"QUIERO COMPRARME UNA KICKS EXCLUSIVE, CON CAJA CVT, PERO ME HAN HABLADO MAL DE ELLAS, Y ESTOY DUDANDO, QUE OPINION ME DAN USTEDES, QUE YA TIENEN EXPERIENCIA...",1,2020-10-05 02:30:43.706000+00:00
Nissan Kicks 2019 1.6 versi√≥n media,nissan,Kicks,4,"Hasta el momento esta bien, tiene un peque√±o sonido en el embrague pero lo demas no tengo quejas. He viajado por 13 horas seguidas y sin problemas, es un poco lento pero es normal porque es 1.6 , lo siento fuerte pero no veloz, amplio maletero y asientos delanteros comodos, los asientos traseros son inc√≥modos.",-1,2020-09-06 00:20:29.644000+00:00
Nissan Kicks 2019 New advance 1.6,nissan,Kicks,5,llevo 22400 kilometrso recorridos y hasta ahora 0 problema,1,2020-08-19 18:45:23.515000+00:00
Nissan Kicks 2019 avance cvt,nissan,Kicks,5,tengo una avnce 2019 cvt...y exelente su desempe√±o ya e realizado 2 viaje de 6 hr sin paral y su rendimenito exelente comoda y su manejo muy estable  a cumplido mis expertativa por el momento,1,2020-04-11 21:35:33.470000+00:00
Nissan Kicks 2020,nissan,Kicks,1,"Compre en la vitrina Cartagena Oie del Cerro-Se ve muy bonita la camioneta, pero detallando la carrocer√≠a, est√° desalineada. Es decir, si hacemos un corte longitudinal a la camioneta, las puertas, cap√≥ y ba√∫l, no est√°n anclando de manera homog√©nea a lado y lado. me prometieron pronta soluci√≥n y al d√≠a de hoy nadie me contesta ni reporta avances en los trabajos requeridos. Perjuicios de toda clase me ha causado comprar esta camioneta con estandares de calidad muy bajos. No compren Nissan",-1,2020-03-24 07:56:02.954000+00:00
Nissan Kicks 2019 Kicks,nissan,Kicks,1,"MALA CALIDAD DE LOS MATERIALES  ,  ,  , EL DIA 10 DE MARZO de 2020 estaba estacionado la camioneta y la llanta delantera izquierda ya no giro, la revise y tenia una pieza suelta la lleve al centro de servio de la nissan en lomas verdes y hoy me responden que el da√±o se debe aun golpe que le di, pero la verdad por mucho solo he tomado dos baches y poco profundos, lo que me da a pensar que la calidad de los materiales son de muy mala calidad, creo que si hubiera tomado un bache mi llanta y rin estar√≠an da√±ados pero no lo est√°n. , Viendo las fotos con las que la agencia nissan lomas verdes justifican lo sucedido creo que no a meritan un da√±o tan grave y no quieren reconocer la mala calidad de las partes del veh√≠culo. ,  , HE TENIDO VEH√çCULOS EN LOS  QUE TOME BACHES PROFUNDOS Y NO PRESENTARON ESTE PROBLEMA LO QUE ME CONFIRMA LA MALA CALIDAD DELOS MATERIALES DE ESTE VEH√çCULO YA QUE  POR MUCHO HE TOMADO DOS HUECOS POCO PROFUNDOS Y LA CAMIONETA TIENE 7600 KM. ,  , NO COMPREN ESTA CAMIONETA",8,2020-03-11 16:50:40.461000+00:00
Nissan Kicks 2019,nissan,Kicks,1,Realmente decepcionado es lento arrancar ruidoso he llevado tres veces al concesionario por ruido en el embrague q no acaban de solucionar,2,2020-02-27 03:26:09.436000+00:00
Nissan Kicks 2019 4 puertas full,nissan,Kicks,1,Solo da en carretera 12.5 mas no da. Con un motor 1.6 deber√≠a dar m√°s km por litros..... ser√° muy pesado el kicks?,2,2020-01-29 19:52:56.647000+00:00
Nissan Kicks 2019,nissan,Kicks,1,"Tengo uno modelo 2019, con 16000 kil√≥metros y ya dos veces he te√±ido problemas con el embrague , el clutch . La primera a los 2600 km y ahora tambi√©n !! Ojo aclar√≥ que no soy principiante en la manejada , como me dijeron en la agencia de Costa Rica . , Totalmente decepcionada de este carro !!",8,2020-01-24 11:47:09.546000+00:00
Nissan Kicks 2020,nissan,Kicks,3,"Tengo hace una mes  una nissan Kids Advase, la caja de cambios es muy dura especialmente la segunda al tercer d√≠a la lleve al servicio pero me digeron que es as√≠ la verdad me parece muy dura para este tipo de camioneta, no se si a otra persona le pase lo mismo o ya es de f√°brica, gracias",1,2019-12-03 00:36:56.408000+00:00
Nissan GT-R 2019 Coupe,nissan,GT-R,5,Es un gran auto super potente,0,2019-12-20 00:07:29.735000+00:00
Nissan Frontier 2019 4 Puertas Mid night,nissan,Frontier,3,Al momento de querer arrancar mi camioneta en reversa hizo un ruido al momento de acelerar en la parte de abajo como si se le hubiera tronado algo despu√©s de esto la. Camioneta ya no arramco ni para adelante ni psrs atr√°s. Que fue lo q le paso?,-1,2020-09-10 11:50:36.729000+00:00
Nissan Frontier 2020,nissan,Frontier,4,Muy bueno hasta ahora. Debieron poner un cargador inal√°mbrico de celular en el espacio delante de la palanca de los cambios.,0,2020-07-21 09:32:59.307000+00:00
Nissan Frontier 2019 Np300,nissan,Frontier,4,Buen√≠simos si se le da un buen uso y un buen mantenimiento.,0,2020-07-12 16:25:00.660000+00:00
Nissan Frontier 2020,nissan,Frontier,5,"Compre una camioneta frontier LE  , 2020 y a la semana prendio el testigo de airbag ya van 6 veces que la llevo a la agencia y hasta la fecha no me dan soluci√≥n alguna. , Me dicen que es una cosa y otra pero no me la arreglan.",1,2020-03-14 04:46:52.062000+00:00
Mazda CX-5 2019 2.2 diesel 188hp,mazda,CX-5,5,"yo la verdad la he puesto en todas las situaciones que se le pueden plantear y ningun problema, el motor tira pero pierde mucho llegando al tope de revoluciones, quiza podria gastar algo menos al correrla pero cada cual maneja a su forma",0,2020-03-19 02:47:37.928000+00:00
Mazda CX-3 2019 2.0l touring,mazda,CX-3,5,"Gran vehiculo, pontencia justa para dar un poco de diversion",0,2020-02-24 03:31:32.446000+00:00
Mazda BT-50 2019 Motor 3.2 diesel automatica,mazda,BT-50,1,Tengo 1 a√±o con esta camioneta y he sentido que la caja de cambio viene con problema de fabrica con cambios bruscos y fuera de tiempo aqui en panama grupo silaba no sirve se hacen los locos con la garantia,0,2020-03-04 03:17:57.828000+00:00
Mazda 3 2020 4 puertas,mazda,3,5,"Extraordinario, para tener este veh√≠culo hay que tener los medios econ√≥micos para mantenerlo en su concesionario, he le√≠do con atenci√≥n los reclamos y en ninguno de ellos he podido apreciar los comentarios del taller de Mazda. , Hoy en realidad es muy dif√≠cil encontrar un auto malo menos a√∫n si su procedencia es Jap√≥n, lo que si podemos encontrar y en abundancia son malos pilotos que no est√°n dispuestos a gastar dinero en una buena y oportuna mantencion.",3,2020-10-05 04:53:36.278000+00:00
Mazda 3 2020 New 2020,mazda,3,4,"Recall I-Stop, en cuanto a prestaciones es un buen auto con 153 HP y torque 200. El cambio a barra de torsi√≥n no lo comparto pero no se nota diferencia taan grande con mi Mercedes W203",5,2020-05-08 02:30:20.038000+00:00
Mazda 2 2020 Touring,mazda,2,5,"Excelente carro, muy suave y f√°cil de conducir, la caja de 6 velocidades es suave no se siente, los controles estan a la mano, no es el m√°s agil pero si muy potente, el mio tiene un ruido en la guantera que reportar√© en su primera revisi√≥n.",1,2020-05-07 20:11:26.125000+00:00
Mazda 2 2019 Sedan touring AT,mazda,2,5,"Excelente. Muy buen vehiculo. C√≥modo, bonito y eficiente.",3,2020-04-12 21:21:54.905000+00:00
Mazda 2 2020 Prime Sport 2020,mazda,2,5,"Es un veh√≠culo sencillamente super bueno: c√≥modo, hermoso por dentro y por fuera, potente, veloz y una relaci√≥n √≥ptima.",2,2020-04-10 01:22:03.339000+00:00
Mazda 2 2020 2 s,mazda,2,5,Me encanta mi mazda 2. Lo √∫nico que me tiene como preocupado es un leve zumbido cuando voy en segunda marcha. No s√© si ser√° normal. Que opinan ?,3,2020-01-25 00:31:56.494000+00:00
Jeep Renegade 2020 Sport,jeep,Renegade,4,"Todav√≠a es muy pronto para calificarla al 100%,tiene buen equipo la suspensi√≥n muy compacta,un poco lenta y tragona de combustible,lo que me tiene inquieto es que zumba al ir desarrollando la velocidad y me dicen que as√≠ son,alguien que me d√© su opini√≥n.",0,2020-02-12 21:55:21.146000+00:00
"Jeep Compass 2020 Sport 2,4 MT6",jeep,Compass,4,"Excelente andar, buena reacci√≥n del motor 2,4 , un poco gastador, 6,5km/l en recorrido urbano",3,2020-09-13 00:33:08.962000+00:00
Jeep Compass 2019,jeep,Compass,1,"Decepci√≥n total, cambie mi rav4 x la compases 2019,sali√≥ de agencia y a los tres meses fallo, se tironea para alcanzar arranque, se encendi√≥ el foco del aceite y se muri√≥, la gr√∫a tuvo que llevarla a la agencia, no sab√≠an que era y result√≥ que el aceite no se mantiene, y despu√©s result√≥ que tuvo falla el motor x la falta de aceite, todo esto en campeche",5,2019-12-08 06:13:17.575000+00:00
Kia Stinger 2019 Ex 2.0 T,kia,Stinger,1,"Deja parado en sem√°foros el start stop no funciona , Coche dejo de funcionar a los 11meses, desprogramo, caja de velocidades etc.",0,2020-08-25 19:12:01.486000+00:00
Kia Stinger 2020 GT 3.3,kia,Stinger,5,"Excelente, aunque si hay que decir que las llantas continental que trae derrapan demasiado, las cambi√© por unas kumho",0,2020-06-15 05:54:57.933000+00:00
Kia Sportage 2019,kia,Sportage,1,Pues no me da m√°s que problemas con el embrage no entran las marchas y te go que pisar varias veces el pedal pa que funcione y al momento otra vez ya no entran en el taller no me dan soluciones el coche tiene 7 meses es la 5 vez que voy al taller.,2,2020-02-25 09:51:41.032000+00:00
Kia Soul 2019 Ex,kia,Soul,4,"Me ha gustado el Soul. El costo beneficio es muy bueno. La pantalla de reversa es muy buena. Los interiores son de calidad. He notado que tiene un buen rendimiento , de 12 km/l en ciudad y 18 km/l en carretera a una velocidad menor de 110 km/h. Tambi√©n funcioname mejor con gasolina premium la de mayor octanaje. Tiene muy buena seguridad , de bolsas de aire. Sin problemas hasta ahora.",0,2020-10-13 04:14:31.798000+00:00
Kia Soul 2019,kia,Soul,1,"Mi coche tiene a√±o y medio de uso, y de 6 meses ac√° empez√≥ con un ruido un direcci√≥n y suspensi√≥n, lo lleve para revisi√≥n y me comentaron que era problema en la direcci√≥n y hab√≠a que cambiar la cremallera, pero despu√©s de varias revisiones no quieres validarme la garant√≠a porque en Kia Mexico comentan que es probable que yo haya golpeado el coche por abajo. Estoy dando mil vueltas para que esto se aclare porque el costo es casi de 14mil pesos mexicanos arreglarlo. 7 a√±os de garant√≠a? No lo creo!",0,2020-04-30 06:20:38.962000+00:00
Kia Soul 2019,kia,Soul,3,Mi kia soul empieza a parpadear la luz de la llave y no enciende que ser√° y llevo con el 9 meses ya me a pasado 2 beses,-1,2020-03-13 22:32:58.050000+00:00
Kia Soul 2018 es 2019 (pero no viene la opcion) lx at 1.6,kia,Soul,5,"Si manejas agresivamente claro que quema combustible, pero ir 90 - 100 me da 6.3 L / 100 Km",1,2019-05-07 23:16:50.886000+00:00
"Kia Sorento 2019 Motor 2.4 Lt, Version EX",kia,Sorento,5,"Ya con 40,000 Km recorridos y el veh√≠culo es excelente, buena sensaci√≥n decalidad interior y espacio, usando las 7 plazas.  Rendimiento en ciudad entre 9 y 10.5 km/lt, en Carretera 12 km/lt.  Muy buen equipamiento, nada que reprochar, 0 ruidos interiores. Muy contento con la relaci√≥n valor / precio del mismo.",0,2019-12-18 22:51:14.711000+00:00
Kia Rio 2020 Kia rio hb,kia,Rio,3,"Me compre el auto y sali√≥ mal el radio, antes de comprar tienes que manipular todo si esta todo bien. , El auto lo compre en kia alese esta en la Molina camacho",2,2020-08-30 18:41:04.269000+00:00
Kia Rio 2020 Lx full,kia,Rio,3,"Al frenar a m√°s  de 40km suena como un fierro arrastrando y golpeteos eso me pas√≥ al frenar ante un bache , y lo otro que me pas√≥ fue que un carro freno bruscamente delante m√≠o y casi lo choco porque me pas√≥ lo mismo mencionado arriba q sonaba como fierro viejo y golpeteos y tuve que abrirme al otro carril sino me chocaba ya que los frenos no frenan como debe ser . , Que decepci√≥n del Kia r√≠o . , Si alguien ya pudo solucionar ese problema por favor comente gracias",1,2020-08-05 22:53:30.064000+00:00
Kia Picanto 2020 motor 1000,kia,Picanto,2,"No es justo comprar un veh√≠culo nuevo con mas de 20 km de uso cuanado lo requeria 0 kimetros, pues ya lo utilizaron en calles usandolo de mostrario  a otros clientes",0,2020-10-06 06:00:28.207000+00:00
Kia Picanto 2019 New full,kia,Picanto,1,Bueno mi Picanto tiene un problema q estoy conduciendo y de repente se apaga solo por qu√© es la causa,0,2020-09-27 17:58:07.478000+00:00
Kia Picanto 2019,kia,Picanto,3,"He tenido algunas fallas a pesar de que el auto es nuevo , con el relay, con el sensor de ox√≠geno y la radio . No me convenci√≥",0,2020-08-19 21:19:59.741000+00:00
Kia Picanto 2019 4,kia,Picanto,4,"Ya llevo casi 2 a√±os con mi kia picanto y estoy mas enamorado cada dia, nada le suena nada le falta es exelente, solo tengo una pregunta si alguien me puede responder, yo kiero actualizar la pa talla o el androi del carro y me pide una contrase√±a y no tengo idea cual sera",2,2020-05-15 22:31:25.102000+00:00
Kia Picanto 2018 Picanto zenith 2020 automatico,kia,Picanto,4,"Consumo aproximado zenith automatico 38 km/galon medidos los primeros 1000 kms andando suave en Medell√≠n y una salida a guatape usando muy moderadamente el aire acondicionado. , Gps casi nunca funciona toca desde el celular.  , No tengo nada malo o bueno que decir pues es mi primer auto y al no tener punto de comparaci√≥n no seria objetivo",-4,2019-10-18 14:34:56.919000+00:00
"Kia Forte 2019 Ex premium QC, piel",kia,Forte,1,"Mi Forte tiene 28mil kms, todos los servicios, lo acabo de sacar a carretera y me dejo tirada en carretera, empez√≥ a moverse de una la aguja de las revoluciones y ya no respond√≠a el acelerador, le acababa de dar el Servicio de 30mil kms antes de salir a carretera",1,2020-10-05 01:14:41.013000+00:00
Kia Forte 2019 Full equipo,kia,Forte,5,"Excelente auto para su categoria solo le cambiado aceite y mas nada y sigue como nuevo (tiene 34.300 millas ) en km son 55 mil km este km es por q lo uso de uber y se porta a la altura, ningun problema ni luz encendida 5 estrellas",0,2020-09-20 08:51:10.756000+00:00
Kia Forte 2019 Gt hatchback,kia,Forte,4,"El volumen no funciona, no puedo subir el volumen",1,2020-09-12 07:45:00.079000+00:00
"Kia Forte 2019 EX, AUT",kia,Forte,5,"Es un coche con mucha tecnologia y comodo, la transmision IVT no da brincos y ya no es gastalon de gasolina ya que da mas de 11 kms x litro.",3,2019-12-13 00:36:04.781000+00:00
Hyundai Verna 2020 full,hyundai,Verna,4,"buen veh√≠culo, pero suena mucho el tablero, como que estuviera suelto, lo compr√© 0kilometros y tiene menos de mil y eso me tiene decepcionado.",0,2020-10-29 17:31:58.605000+00:00
Hyundai Verna 2020 Plus,hyundai,Verna,5,Excelente auto una m√°quina super espacioso y super econ√≥mico en combustible super suave 3n carretera,0,2020-09-28 04:46:18.478000+00:00
Hyundai Verna 2020 Semi full con aire,hyundai,Verna,5,"Exelente vehiculo muy economico y rapido lo que me da una duda si al momento de ir a la revisi√≥n tecnica pasara ya que la nueva configuracion de luces de reversa solo enciende una la del lado copiloto ya que la otra es neblinero y viene asi de fabrica, pasara???",0,2020-08-09 13:06:41.622000+00:00
Honda HR-V 2019,honda,HR-V,2,"El sistema de seguridad muy malo, en especial el cilindro de la llave de la puerta del piloto que no activa la alarma",0,2020-08-24 22:18:37.906000+00:00
Honda HR-V 2020 Premium,honda,HR-V,1,"Malisimo vehiculo , No recomiendi",0,2020-08-19 21:49:43.348000+00:00
Honda HR-V 2020,honda,HR-V,2,Tengo 5 meses con mi hrv..y me van a cambiar el motor porque desde nueva empece a escuchar un ruido..quisiera saber si a alguien mas le paso lo mismo ?,-3,2020-06-03 17:42:57.199000+00:00
Honda HR-V 2020 cuero,honda,HR-V,5,"FELIZ TENERLO , AGENCIA IMPECABLE LA NUEVA DE PR√ìCERES GUATEMALA",0,2020-01-12 19:43:07.480000+00:00
Honda Fit 2019 Motor 1.5,honda,Fit,5,Hola el fit 2019 anda de lo mas bien sin problemas acelera de lo mas bien buen levante de revoluciones por minuto esconomico en carretera abierta modo econima si quierrs la sensacions de un standar lo paso a modo sport y desactivo modo economia y se siente el cambio que aparenta la caja standar pero jamas igual ... si alguien me pudiera decir a los cuantos km ay que hacer cambio de aceite a la caja cvt .. me han dicho que no ay nececidad de hacerla hasta los 200 mil km ??,0,2020-10-18 01:25:57.176000+00:00
Honda Civic 2019 EX. SEDAN STD,honda,Civic,5,"EXELENTE AUTOMOVIL LO USO PARA VIAJES LARGOS EN SUPER CARRETERA . COMODO , SEGURO , ESTABLE.EN CIUDAD  CON PRECAUCION  PUES ES BAJO PARA LAS CALLES CON TOPES.COMO PUDO SUBIR LA ALTURA DE PISO ?",2,2020-07-20 16:09:17.879000+00:00
Honda Civic 2019 Full,honda,Civic,5,"Excelente, muy buen veh√≠culo aunque un poco caro y costosos los Service.",0,2020-05-17 16:57:49.724000+00:00
Honda City 2020 Full,honda,City,3,"Lave el interior del coche e instale una c√°mara, tarde como una hora y media y se descarg√≥ la bater√≠a. üôÅ Ya le√≠ varios comentarios de que fallan mucho las bater√≠as de los city, llevo apenas tres meses con el coche. üò°",1,2020-03-16 17:36:25.365000+00:00
Hyundai Tucson 2020 MT 2.0 VALUE,hyundai,Tucson,5,"Tengo una duda. compre mi segunda tucson pero esta vez on line pero seg√∫n todas las versiones seg√∫n fotos y a√±o que vi en los portales este modelo se ve√≠a con otro tipo de √≥pticos delanteros y con antena tipo tibur√≥n, como puedo asegurarme que me entregaron un modelo 2020 y no uno resagado del a√±o 2019?",-1,2020-08-28 14:01:25.266000+00:00
Hyundai Santa Fe 2019 stay limite htrak,hyundai,Santa Fe,5,"tengo un santafe cuarta generaci√≥n y tengo que decir que antes tenia un ML y os digo que a pesar de ser caro para ser un inunda no envidia ha ning√∫n premiun solo en el precio va de cine en comportamiento en sensaci√≥n de conducci√≥n y confort lo √∫nico que le falta para ser un premiun es en vez de 200 caballos tener trescientos o 350 pero claro el consumo como pasa en los premiun se disparar√≠a un poco, yo desde luego estoy encantado con el estuve apunto de comprarme un GLE y por casualidades de la vida  prove el hiundai y me le compre de lo cual no me arrepiento para nada estoy contentisimo el consumo es un poco mas alto de lo que dicen pues se va al menos yo no consigo bajarlo de 8 o 8.5 de media pero lo dem√°s divino ole ole por este ultimo hiundai. Un saludo a todos",4,2020-04-23 00:29:44.479000+00:00
Hyundai i10 2020 4 puertas economico,hyundai,i10,1,"A las 1,200 millas!!!! el auto tiene problema con el encendido, enciende a la 4ta vez y en la agencia Hyundai de Guadalajara no saben lo que tiene en fin no hay devolucion y tardaran mas de una semana",1,2020-03-06 00:48:14.812000+00:00
Hyundai H-1 2019 2020,hyundai,H-1,1,Tengo un H1 del 2019 con caja mec√°nica de 5 velocidades; a la fecha tiene 38 mil km y suena la caja al ingresar la cuarta,0,2020-09-03 03:15:07.308000+00:00
Hyundai Grand i10 2020 4 puertas G10,hyundai,Grand i10,5,Muy buena solucion referente a la radio  cuando se apague y queda sin energ√≠a el√©ctrica  le puse una aguja de lana en un orificio superior lado izquierdo y funciono nuevamente. A los amigos hagan eso. gracias por la sugerencia y  soluci√≥n,0,2020-07-01 22:09:15.916000+00:00
Hyundai Grand i10 2020 Hb,hyundai,Grand i10,5,"En lo general me parece muy bien auto. Buen espacio, el clima enfr√≠a muy r√°pido, ahorrador de gasolina, el GPS con la pantalla me parece perfecto, y todo la informaci√≥n del tac√≥metro es excelente. ,  , Lo malo, mi auto es autom√°tico de 4 velocidades. Creo que le hace falta la quinta para ser m√°s r√°pido y m√°s ahorrador de combustible. Mi promedio es de 14 a 15 kil√≥metros por litro pero pienso que tal vez podr√≠a dar m√°s, por otro lado para hacer un rebase a veces enloquece y las RPM se elevan hasta 6000 y si no est√°s acostumbrado espanta ya que brinca de cuarta a segunda. ,  , El primer servicio son a los 10000 y el costo fue de 1600. Que para m√≠ es super barato.",1,2019-12-11 21:19:22.751000+00:00
Hyundai Creta 2020,hyundai,Creta,3,solo entre par aleer opiniones  estoy indeciso si o no  compro  Creta,0,2020-08-15 17:32:49.219000+00:00
Hyundai Creta 2019 Gs 1.6 mt,hyundai,Creta,3,"Decepcionado,  instale controles al volante y nada funciona, no viene con el Sistema adaptado para llegar e instalar.. mal",-1,2020-04-25 00:40:12.866000+00:00
Hyundai Creta 2020 4 puertas full,hyundai,Creta,4,Hasta el momento bien pero observe q el l√≠quido refrigerante se ha bajado completo y es nuevo del 2020,2,2020-04-23 17:07:58.751000+00:00
Hyundai Creta 2019 Creta,hyundai,Creta,2,"Buenos dias, compre un creta 2019, dias despu√©s que retir√© del concesionario a los 1000 kms. note que consume refrigerante del motor, adicional en camino malo golpeaba  la compuerta y los asientos posteriores, la compuerta solucionaron en el cocesionaio, los asientos intentaron solucionar pero no pudieron y lo del refrigerante ni en el mismo consecionario me dan una soluci√≥n t√©cnica, no saben que pasa y al final me dijeron que era un consumo normal, a mi parecer en ningun otro vehiculo consume esa cantidad, pesimo servicio t√©cnico, si alguien tiene el mismo problema y le han solucionado favor agradezco me comete.",4,2020-01-16 14:42:26.626000+00:00
Hyundai Creta 2020 5 puertas 1.6 lt,hyundai,Creta,2,"Hola.... Acabamos de adquirir una CRETA y la moldura del volante se rompi√≥ sola (color plata).... Llevamos mes y medio y ya comenz√≥ a tener ruidos en la parte trasera de la cajuela... Por lo dem√°s bien... Zacatecas, Zac",-3,2019-12-13 01:33:00.789000+00:00
Hyundai Creta 2020 automatica,hyundai,Creta,1,estoy por comprar una creta 2020 pero ya me dieron miedo...,2,2019-12-12 23:06:03.659000+00:00
Hyundai Creta 2018 No me da la opci√≥n pero tengo una creta 2019 y justo.,hyundai,Creta,2,Mi creta es 2019 justo me paso algo similar iba manejando cuando de repente se qued√≥ sin responderme se me freno sin poder avanzar a pesar que tra√≠a el pie en el acelerador la tuve que apagar y encer nuevamente y me marc√≥ un foco un sensor en el tablero y C√∫a do la lleve a servicio comente y se le actualizo el software pero se me sigue perdiendo fuerza al acelerar y hoy justo me marco en el tablero un s√≠mbolo de un carro con un acelerador y un tanque de  gasolina,0,2019-07-13 01:05:51.792000+00:00
Hyundai Accent 2019 sedan,hyundai,Accent,5,"compramos un auto en mayo del 2019 y al mes comenz√≥ con problemas de embrague, falla en la radio, direcci√≥n, alarma, t√©cnica de producto de la marca valido solo falla de embrague y cuando ped√≠ la restituci√≥n de un auto nuevo , ellos se negaron diciendo que el auto no tenia nada , despu√©s de hacer todo lo posible para que respondiera gildemeister a trav√©s del sernac hoy comenzare una demanda en contra de hyundai gildemeister. ya llevo 7 meses en tramite y reci√©n podre tomar acciones legales por la burocracia del sistema.El veh√≠culo lo compre en la sucursal de gildemaeister Vicu√±a Makena y en un hyundai accent sedan 2019..la he pasado muy mal y el se√±or Sergio Bassano (encargado de servicio al cliente de la casa matriz) fue una persona demasiado displicente y poco empatico con la inversi√≥n de los dem√°s, solo le interesa el patrimonio de la empresa y estoy seguro que sus jefes ni saben de este problema en el cual est√°n perdidos ..No puedo adjuntar archivos , pero tengo muchos documentos que los responsabilizan .",9,2020-01-13 23:01:57.081000+00:00
Fiat Toro 2020 Naftera 1.8,fiat,Toro,3,"Tengo una Toro 1.8 naftera con 6000 km y me consumi√≥ casi todo el aceite. , Alguien sabe algo del tema o ese es el consumo..",1,2020-09-28 21:38:52.146000+00:00
Fiat Toro 2019 Nafta,fiat,Toro,5,Cero problemas. El consumo en ruta cargada a full es bastante decente,0,2020-07-01 23:24:21.636000+00:00
Fiat Toro 2020 Motor 1.8 nafta,fiat,Toro,2,"Hola soy propietario de una toro 1.8 nafta, la verdad que quede desilucionado empez√≥ a tirar vapor del medio del radiador como si estuviera pinchado y tiene uso de ciudad a alguien m√°s le pas√≥?",-2,2020-04-13 11:48:29.971000+00:00
Fiat Toro 2019 Freedon at9,fiat,Toro,4,"Tiene buen desempe√±o, no me gusta que se escuche tanto el motor desde adentro y la vibraci√≥n del mismo, sacando eso exelente veh√≠culo.",2,2019-11-29 10:28:06.045000+00:00
Fiat Tipo 2019 EASY,fiat,Tipo,5,"muy buen auto va muy bien comodo economico y ppr 1m6 va muy bien ,las gomas originales una porqueria y la alarma otra basura",0,2020-10-22 03:40:03.303000+00:00
Fiat Mobi 2020 mobi way,fiat,Mobi,5,"muy conforme con el mobi . no solo que es economico si no que muy comodo y confortable , los que dicen que el tablero es mala calidad  seguro son los que no saben cuidar sus cosas o las maltratan saludos",0,2020-10-14 05:08:17.318000+00:00
Fiat Mobi 2020 ISI,fiat,Mobi,4,"Estoy s√∫per contento con mi auto.muy facil de conducir, lo que m√°s me gusta es que sube bastante bien consider√≥ que para ser un motor 1.000 tiene muy buena fuerza.",0,2020-07-11 04:08:03+00:00
Fiat Mobi 2020 4 puertas manual,fiat,Mobi,5,"Hasta ahorita no ha fallado nada llevo 4 meses con el, en ciudad rinde entre 13 a 16 km por litro dependiendo de si haces muchas paradas y aceler√≥ es en sem√°foros y esquinas, el rendimiento en carretera me he dado cuenta que rinde entre 20 a 23km por litro no pasando de los 100 kil√≥metros por hora, si pasas de esa velocidad veo que rinde menos la gasolina y se fuerza el motor por ser peque√±o, fuera de eso esta muy bien en carro en mi opini√≥n hasta ahorita",3,2020-05-07 15:43:34.822000+00:00
Fiat Mobi 2020 1.0,fiat,Mobi,4,"buen auto por donde lo mires, funciona todo perfecto, y siquieren un auto mas veloz u otra cosa, compren otro",2,2020-02-14 12:39:47.087000+00:00
Fiat Mobi 2020 4 puertas,fiat,Mobi,5,"C√≥modo , econ√≥mico,  familiar",0,2020-01-10 00:05:17.051000+00:00
Fiat Mobi 2019 Top,fiat,Mobi,5,Hola buenas tardes desde ayer no hay sonido en ning√∫n parlante del auto el est√©reo funciona perfecto pero no hay audio... que puede ser,1,2020-01-09 22:53:11.380000+00:00
Fiat Mobi 2019,fiat,Mobi,1,Mi Fiat tiene menos de 2500 km. No puedo arrancar el auto sin antes esperar unos minutos. Si estoy apurado al arrancar el auto se para y la espera es a√∫n mayor.,0,2019-12-07 03:58:18.540000+00:00
"Fiat Cronos 2020 5 ptas, Drive con pack Conectividad",fiat,Cronos,3,En cuanto a dise√±o de bueno a muy bueno pero el alma del veh√≠culo que es el motor lamentablemente no satisfizo mi expectativa.,1,2020-10-19 15:06:50.766000+00:00
Fiat Cronos 2020 PRECISION 1.8 AT,fiat,Cronos,4,"BUENAS TARDES!  EN 20 DIAS ME ENTREGAN EL CRONOS PRECISION 1.8 AT.  SI ALGUIEN LO TIENE,ME CUENTA SU EXPERIENCIA POR FAVOR ?  Y CUANTO PAGA DE PATENTE  EN PCIA. DE BS. AS. ?",0,2020-09-14 21:23:22.730000+00:00
Fiat Cronos 2020 Cronos drive 1.3,fiat,Cronos,4,Reci√©n tiene 1000 km . Parece un buen coche,0,2020-09-12 07:08:17.349000+00:00
Fiat Cronos 2020 DRIVE,fiat,Cronos,5,"Buen andar , silencioso , muy c√≥modo , motor rabioso , el torque lo tiene a partir de las 3000 vueltas , solo le faltar√≠a una 6ta marcha para la ruta",3,2020-08-17 00:21:07.638000+00:00
Fiat Cronos 2020 1.3 Drive,fiat,Cronos,3,"Es comodo,buen andar,ning√∫n problema por ahora. Eso s√≠,el motor es chico en relacion a la carrocer√≠a,me da 12.5km/lt en ciudad y 18 en ruta,es lo quee daba el VW gol g5 1.6. salv√≥ eso bien",3,2020-07-14 14:06:03.424000+00:00
Fiat Cronos 2019 1.8 Pack Precisi√≥n AT6,fiat,Cronos,5,"Excelente auto en 16000 km ning√∫n problema muy buen andar, lo malo de este auto es que no trae apoya brazos y GPS integrado el resto una maravilla trae de todo Crucero, c√°mara trasera, sensores de estacionamiento, butacas en cuero, volante forrado en cuero, el sonido de audio es excelente, 4 airbag, ganchos isofix, baul inmenso, ruedas de 17"" perfil bajo con unas llantas espectaculares, la verdad que un auto con muy buena calidad, lo recomiendo 100%.",0,2020-06-27 14:29:14.783000+00:00
Fiat Cronos 2020 1.3 DRIVE,fiat,Cronos,2,CRONOS 1.3 DRIVE 2020. FLOJO DE MOTOR.,1,2020-06-05 20:10:01.869000+00:00
Fiat Cronos 2020 1.3 drive,fiat,Cronos,3,"Hace 3 meses que lo tengo y la verdad muy lindo vehiculo. Muy economico y comodo. Faltarian mas porta objetos ya que es incomodo cuando tenes celulares, bebida para los chicos, etc. Ya hice varios viajes, uno de 2000km en un dia y la verdad muy buen andar en ruta",0,2020-05-05 00:47:40.624000+00:00
Fiat Cronos 2020 Drive. 1.3,fiat,Cronos,4,"Hola, llevo 30 d√≠as con el veh√≠culo. , Muy econ√≥mico, excelente dise√±o y a fondo es bastante rapido...en la salida si es lento. Suspensi√≥n delantera muy buena, la trasera... Regular, el costado derecho trasero tiene un chillido. Ya tiene 3.000 kms y lo subi a tope, le note zumbidos mientras recibe el cambio pero asumo que es algo normal porque es un motor peque√±o y su exigencia debe ser limitada, estar√© cont√°ndoles que acontece luego de la revisi√≥n de los 5.000 kms.",0,2020-05-04 06:50:19.046000+00:00
Fiat Cronos 2020 1.3,fiat,Cronos,2,mal andar ruidoso Hace ruido la caja de cambio Falta de potencia chico el motor solo 8 valbulas,0,2020-04-18 16:14:01.581000+00:00
Fiat Cronos 2019 1.8 predicci√≥n At6,fiat,Cronos,3,"A mi me paso que la llave electronica fall√≥ y no me arrancaba, hasta ahora no saben que paso, y las puertas empezaron hacer ruido en el sistema de levantavidrios",0,2020-04-14 18:34:59.224000+00:00
Fiat Cronos 2019 Precision 1.8 MT Pack Premium,fiat,Cronos,4,"Pros: Buen dise√±o, confortable, buena insonorizaci√≥n de viento y ruidos exteriores, bajo consumo en ruta, buena suspensi√≥n, despeje del piso, buena direcci√≥n y q se endurece con la velocidad.y gran frenado, ba√∫l espacioso, muy buen A Acondic, gran sonido de la central multimedia. , Contras: Lento para salir, y a mi me hace zumbido leve en 4ta provieniente de la caja de cambios, algo inadmisible para un auto nuevo y cierto bamboleo cuando sobrepaso los 100-110km/h que me da sensaci√≥n de inestabilidad, sobre todo cuando hay vientos laterales.",2,2020-04-10 01:47:08.733000+00:00
Fiat Cronos 2019 fiat cronos 1.3,fiat,Cronos,5,"supero mis expectativas tiene un   excelente dise√±o espacio tanto en el ba√∫l como en el interior, un motor con bajos consumos de combustible sin perder potencia y buena calidad de materiales en el interior. la unica critica que tengo para hacer es la pantallita , mal ubicada y con pocas funciones , lo demas excelente",1,2020-03-11 19:32:59.332000+00:00
Fiat Cronos 2019,fiat,Cronos,3,"Ha salido muy econ√≥mico en combustible, c√≥modo adelante m√°s no atr√°s, excelente ba√∫l.. todo bien, excepto por algunos peque√±os detalles de f√°brica, que demuestra bajo control de calidad como la suspensi√≥n trasera que ya empez√≥ a resecarse y suena a veces como cama vieja, lleg√≥ con una plumilla del parabrisas mala, la silla del conductor ya empez√≥ a descoserse, la caja ten√≠a ruidos de desajuste pero el taller de la agencia ha estado respondiendo sin problema.",5,2020-02-25 03:40:53.633000+00:00
Fiat Cronos 2019 4,fiat,Cronos,4,"El motor para la ciudad est√° m√°s que bien 1.3, en ruta le falta un poco pero lo positivo que gasta poco no pasando de 120, el audio impecable un sonido excelente, en 7000 km sin ruidos, muy buena insonorizaci√≥n, el aire enfr√≠a una barbaridad, igual extra√±o a mi Fiat L√≠nea, un Autazo, saludos",1,2020-02-09 04:24:48.578000+00:00
Fiat Cronos 2019 1.3,fiat,Cronos,5,Muy buen auto sin problemas.,1,2020-01-17 11:23:05.315000+00:00
Fiat Cronos 2019 4 ptas motor 1.3,fiat,Cronos,3,Mi Cronos tiene 800 km y ya hace ruido la caja en 5ta las butacas son una piedra comparadas con un Tiida 2013 el consumo es excesivo calculo Q es muy pesado para el motor 1.3 y se de Cronos con 40.000 km Q ya le han hecho embrague,1,2019-12-11 21:09:23.804000+00:00
Fiat Argo 2019 5 puertas,fiat,Argo,5,"Buen confort , brinda mucha informaci√≥n acerca del auto.",0,2020-10-28 12:13:41.457000+00:00
Fiat Argo 2020 Drive,fiat,Argo,5,Excelente andar y equipamiento,0,2020-10-17 01:31:08.778000+00:00
"Fiat Argo 2019 5 ptas, 1.8 precision",fiat,Argo,5,"muy buen vehiculo,  a nivel mec√°nica ecelente, pero deja que desear en calidad de plasticos interiores por el precio que tiene",1,2020-09-09 10:03:22.192000+00:00
Fiat Argo 2019 motor 1.3 mecanico,fiat,Argo,4,"Hasta ahora super bien el auto. Lo tengo hace 6 meses, y es todo lo que esperaba. Lo que le podria reclamar seria el consumo, me parece un poco elevado a mi parecer, por lo demas hasta ahora bien.",0,2020-07-11 22:14:17.349000+00:00
Fiat Argo 2019 1.8,fiat,Argo,5,Hola tengo un Fiat Argo 1.8 mod. 2019 tiene 9.000 km ¬ø alguien sabe a cuantos km hay que cambiarle el aceite ? Todavia no cumplio un a√±o el auto.,0,2020-06-05 00:50:14.541000+00:00
Fiat Argo 2019 1.3,fiat,Argo,3,hola alguien sabe c√≥mo podr√≠a solucionar el USB de mi Fiat argo no reconoce ning√∫n pendrive,0,2020-05-19 07:39:52.103000+00:00
Dodge Ram 2019 4 puertas 4x4,dodge,Ram,3,Seme descargo cambie la bateria y ya nome agarro la camara de reversa se  borro la aplicaion de la camara no aparese ??,0,2020-09-04 00:13:32.257000+00:00
Dodge ATTITUDE 2019,dodge,ATTITUDE,1,"Terrible veh√≠culo, NO LO RECOMIENDO PARA NADA,  AUTO DESECHABLEüò† SE RECARGAN Y LO ABOLLAN, UN GOLPE POR M√çNIMO QUE SEA, EL DA√ëO ES TERRIBLE EN EL VEH√çCULO... NO TIENE ESTABILIDAD, POTENCIA ES A LO QUE PUEDE DAR ESE MOTOR üòî para lo que se paga, no es buena inversi√≥n, de verdad chequenlo terrible mi experiencia y muy arrepentida por hacer esta compra NO VALE LA PENAüëé",0,2020-09-19 21:40:20.348000+00:00
Dodge ATTITUDE 2018 4 puertas 2019,dodge,ATTITUDE,1,"Tengo a√±os de experiencia manejando y jamas hab√≠a tenido un problema como con este coche, a menos de la semana de haberlo comprado pasamos una diminuta protuberancia sobre el suelo y nos dimos vueltas sobre el pavimento, las bolsas de aire nunca salieron. La verdad p√©simo auto, p√©sima estabilidad y no rinde lo que prometen",-6,2019-08-12 07:43:12.076000+00:00
