nombre,marca,modelo,cal_general,cal_vida,cal_diseño,cal_manejo,cal_performance,a_favor,en_contra
Ford EcoSport Storm,Ford,Ecosport Storm,7.7,7.8,7.9,7.6,7.1,"4x4,Prestaciones,Espacio interior","Consumo urbano,Baúl,Solo opción 4x4"
Volkswagen Tiguan Allspace 2.0 TDI 4Motion,Volkswagen,Tiguan Allspace 2.0 TDI 4Motion,8.0,8.1,8.2,8.0,7.9,"Consumo austero,Habitabilidad correcta,Distancias de frenado,Baúl con cinco plazas","Auxilio temporal,Baúl limitado con 7 plazas,Espacio reducido 3ra fila,Precio elevado"
Mercedes-Benz Clase A 200 Progressive,Mercedes Benz,Clase A 200 Progressive,8,8.2,8,8.2,8,"Precio comparativo ,Multimedia/Equip. ,Motor eficiente,Diseño personal","Sin auxilio ,Despeje conflictivo ,Visib. panorámica ,Garantía limitada"
Honda WR-V EX-L,Honda,WR-V EX-L,7.3,7.7,7.4,7.3,7.1,"Confort de marcha ,Espacio interior ,Percepción de calidad ,Multimedia ,Maniobrabilidad","Falta de ESP ,Estética cuestionable ,Consumo urbano ,Prestaciones ,Autonomía limitada"
Mercedes Benz GLC 350e,Mercedes Benz,GLC 350e,8.1,8.0,8.2,8.2,8.2,"Modo 100% eléctrico,Comportamiento equilibrado,Terminación y materiales,Prestaciones correctas,Emisiones de CO2","Visibilidad posterior,Neumáticos run-flat,Garantía mejorable,Autónomia eléctrica,Capacidad de baúl"
Jaguar XE 2.0 AT,Jaguar,XE 2.0 AT,7.6,8.3,8.0,8.1,8.2,"Diseño exterior,Presentación interior,Prestaciones/Consumo,Insonorización","Auxilio temporal,Precio comparativo,Visibilidad panorámirca,Selectora de caja ""rueda"""
Chery Arrizo5 1.5 Luxury CVT,Chery,Arrizo5 1.5 Luxury CVT,7.3,7.3,7.4,7,7.2,"Diseño,Mejora en calidad,Habitabilidad,Confort de marcha,Equipamiento","Solo dos airbarg,Sin tercer apoyacabeza,Baúl chico,Prestaciones,Maniobrabilidad"
Toyota Etios Hatchback XLS AT,Toyota,Etios Hatchback XLS AT,7.2,7.3,6.6,7.2,7.5,"Eficiencia del motor,Equilibrio suspensiones,Habitabilidad general,ESP de serie,Garantía","Ubicación instrumental,Multimedia anticuada,Posición de manejo,Distancias de frenado,Caja de 4ta"
Porsche Macan,Porsche,Macan,8.0,8.0,8.5,8.1,8.5,"Prestaciones,Comportamiento general,Equipo de confort,Capacidad de baúl","Garantía limitada,Capacidades off road,Plazas traseras,Precio comparativo"
Great Wall Wingle 5 2.0 MT Standard 4×4,Great Wall,Wingle 5 2.0 MT Standard 4x4,6.8,5.6,6.5,6.3,6.8,"Habitabilidad,Seguridad,Dirección eléctrica,Consumos","Confort,Recorridos de caja,Aceleraciones,Volumen de carga"
Peugeot Traveller Allure Plus 2.0 AT,Peugeot,Traveller Allure Plus 2.0 AT,7.3,7.7,7.8,6.4,7.3,"Equipamiento de seguridad,Espacio interior,Motorización,Frenado,Comportamiento dinámico","Eje posterior rígido,Dirección pesada,Precio comparativo,Portón impráctico,Unica versión "
Mercedes Benz-AMG SLC 43 V6,Mercedes Benz,AMG SLC 43 V6,7.8,7.5,7.8,8.3,8.6,"Prestaciones,Motor/Elasticidad,Consumo promedio,Comportamiento dinámico,Equipamiento de serie","Run flat,Visibilidad panorámica,Espacio interior justo,Confort de marcha,Garantía limitada"
Volkswagen Tiguan Allspace 1.4 TSI DSG 4×2,Volkswagen,Tiguan Allspace 1.4 TSI DSG 4x2,8.0,8.3,8.1,8.1,7.9,"Eficiencia de los frenos,Consumo promedio,Precio comparativo,Espacio interior,Baúl con cinco plazas","Baúl con 7 plazas,Luces halógenas,Espacio tercera fila,Auxilio temporal,Equipamiento acotado"
Renault Kangoo Express Confort 5P 1.5 dCi,Renault,Kangoo Express Confort 5P 1.5 dCi,7.1,7,6.6,7.1,6.9,"Consumo,Con ESP,Capacidad de carga,Polivalencia,Frenos","Equipo de audio,Algunas terminaciones,Posición de manejo,Alcance lumínico,Garantía"
Mercedes Benz GLA 250 4Matic AMG,Mercedes Benz,GLA 250 4Matic AMG,8.1,8.0,7.8,7.9,7.9,"Diseño seductor,Equipamiento de serie,Desempeño dinámico,Transmisión,Manejo agradable","Plazas traseras,Run Flat,Selector de caja,Garantía limitada,Visibilidad panorámica"
Toyota Camry V6 3.5 Automático,Toyota,Camry V6 3.5 AT,8.0,8.4,7.8,7.7,7.7,"Prestaciones,Habitabilidad,Confort urbano,Baúl/auxilio,Multimedia","Consumo,Faltantes de equipamiento,Autonomía,Sin levas,Precio para generalista"
Audi Q2 Sport 1.4 AT,Audi,Q2 Sport 1.4 AT,7.9,7.9,7.9,7.8,8.1,"Diseño juvenil,Motor/caja,Alcance lumínico,Consumo,Instrumental","Auxilio temporal,Precio comparativo,Confort en ciudad,Plazas posteriores,Precio con opcionales"
BMW 440i Gran Coupe M Sport,BMW,440i Gran Coupe M Sport,8.2,8.5,8,8.1,8.4,"Prestaciones deportivas,Motor/Caja,Desempeño dinámico,Diseño atractivo,Agrado de conducción","Run flat (sin auxilio),Visibilidad panorámica,Acceso/descenso plazas traseras,Confort de marcha,Consumo urbano"
Chevrolet Onix Plus Premier II AT,Chevrolet,Onix Plus Premier AT,7.9,7.8,7.9,7.5,7.9,"Prestaciones,Desempeño dinámico,Consumos contenidos,Mejoras en seguridad,Habitabilidad posterior,Multimedia y Wifi,Precio competitivo","Comando de caja,Algunos materiales,Capacidad tanque/baúl,Vibraciones en ralentí,Auxilio temporal"
Hyundai Ioniq,Hyundai,Ioniq,7.8,7.9,7.6,8.0,7.8,"Eficiencia,Comportamiento equilibrado,Precio comparativo,Habitabilidad","Sin modo EV,Auxilio temporal,Faltantes de equipamiento"
BMW 118i SportLine,BMW,118i SportLine,8.2,8.0,7.9,7.8,7.8,"Terminación/Materiales,Funcionamiento del motor,Consumo contenido,Steptronic doble embrague","Visibilidad panorámica,Auxilio temporal,Precio poco competitivo,Ausencia de cámara posterior"
Jeep Wrangler,Jeep,Wrangler Unlimited Rubicon,7.3,7.6,8,7.4,7.6,"Capacidad off road,Look imponente,Calidad general,Modularidad carrocería,Equipamiento de confort","Eficiencia del V6,Precio elevado,Distancia de frenado,Sin ADAS,Rumorosidad"
BMW X1 SportLine,BMW,X1 sDrive 20i SportLine,8.1,8,8.1,8.3,8.4,"Equipamiento de serie,Prestaciones/Consumo,Terminación/Materiales,Comportamiento/Frenado","Runflat/Auxilio temporal,Rediseño frontal,Interior no renovado"
Ford F-150 Lariat Luxury,Ford,F-150 Lariat Luxury,7.9,8.7,8.6,7.6,7.9,"Equipamiento de confort,Habitabilidad,Asistente de remolque,Robustez,Prestaciones","Precio elevado,Restyling al caer,Consumo en ciudad,Faltantes de seguridad,Distancia de frenado"
Renault Logan Intens 1.6 CVT,Renault,Logan Intens 1.6 CVT,7.1,7.2,7.4,6.8,7,"Despeje del suelo,Habitabilidad,Multimedia mejorada,Capacidad de baúl,ESP y 4 airbags,Precio competitivo","Asistencia de la dirección,Vibraciones en D (parado),Rigidez de la suspensión,Consumo en ciudad,Calidad materiales,Auxilio temporal"
Volkswagen Amarok V6 258 CV Black Style,Volkswagen,Amarok V6 Black Style,7.8,7.9,7.6,8.2,7.9,"Potencia incrementada,Confort de marcha,Look diferencial,Consumo mixto,Posición de manejo","Sin airbags de cortina,Falta de ADAS,Neumáticos citadinos,Sólo automática"
Audi Q8 55 TFSI 3.0 V6 Quattro,Audi,Q8 55 TFSI 3.0 V6 Quattro,8.2,8,8.8,8.1,8.3,"Diseño diferenciador,Presentación general,Comodidad interior,Capacidad de Baúl,Equipamiento de serie,Suspensiones adaptativas","Dirección sobreasistida,Precio con opcionales,Faltan portaobjetos,Dosificación pedal de freno"
Citroën C5 Aircross THP 165 Feel Pack,Citroën,C5 Aircross Feel Pack AT6,7.9,8,8.2,7.9,7.3,"Plazas traseras,Capacidad de baúl,Eficiencia del THP,Multimedia y tablero","Eje trasero rígido,Faltantes de equipamiento,Única opción,Auxilio temporal"
Renault Kangoo Stepway 1.6 SCe,Renault,Kangoo Stepway 1.6 SCe,7.2,7.2,7,7,7.3,"ESP,Tratamiento off road,Incorporación del MediaNAV","Solo airbag frontales,Detalles de calidad,Faltantes de confot"
Mercedes Benz C63S AMG,Mercedes Benz,C63S AMG,8.2,7.7,8.5,8.9,8.6,"Sedán deportivo puro,Equipamiento/Terminación,Comportamiento en circuito,Motor/Prestaciones,Tracción contundente","Plazas traseras,Confort de marcha,Butacas para uso diario,Garantía mejorable,Para conductores experimentados"
DS7 Crossback Be Chic 1.6 AT,DS,DS7 Crossback Be Chic,7.9,8.3,8.2,8,7.5,"Equipamiento,Plazas traseras,Sistema multimedia,Tablero completo,Calidad interior","Consumo urbano,Off road limitado,Única opción naftera ,Auxilio temporal,Posibilidad de reventa"
Haval H6 Coupe Dignity 2.0 AT,Haval,H6 Coupe Dignity 2.0 AT,7.5,7.6,7.6,7.8,7.3,"Confort de marcha,Habitabilidad,Recuperaciones,Insonorización,Diseño personal","Precio,Baúl,Consumo,Auxilio temporal,Ausencia de navegador"
Lifan X70 Luxury CVT 2.0,Lifan,X70 Luxury CVT 2.0,7.1,7.2,6.8,6.7,7.3,"Habitabilidad,Prestaciones,Poder lumínico,Diseño,Presentación","Selectora,Sólo dos airbags,Consumo en ciudad,Off road light,Quejidos prematuros"
Kia Sorento EX 2.2 4×4 Diesel,Kia,Sorento EX 2.2 4x4 Diésel,7.8,8.2,7.7,7.7,7.7,"Confort de marcha,Habitabilidad,Prestaciones,Calidad general,Garantía","Precio,Sin navegador,Consumo urbano,Sin levas,Acceso a la tercera fila"
Audi Q5 Quattro 2.0 AT,Audi,Q5 quattro 2.0 AT,8.4,8.6,8.4,8.2,8.0,"Confort de marcha,Habitabilidad,Prestaciones,Insonorización,Diseño","Precio,Sin cámara,Consumo (promedio),Auxilio temporal,Quinta plaza"
Toyota Etios sedán XLS,Toyota,Etios sedán XLS,7.2,7.1,7,7.2,7.2,"Espacio interior,Consumo en ruta,Caja de 6 relaciones,Habitabilidad/Tamaño baúl","Algunos faltante de equipamiento de confort,Respuesta táctil de la pantalla,Ubicación de tablero"
Honda Fit EXL 1.5 AT,Honda,Fit EXL 1.5 AT,7.5,7.4,7.7,7.7,7.4,"ESP/Seis airbags,Habitabilidad,Consumo,Calidad general,Confiabilidad","Precio,Unica versión,Autonomía,Auxilio temporal,Reacción CVT"
Chevrolet Spin LTZ 1.8 AT,Chevrolet,Spin LTZ 1.8 AT,6.9,6.5,6.6,6.6,6.5,"Diseño más atractivo,Presentación interior,Confort de marcha,Precio comparativo","Equipamiento de seguridad,Comportamiento dinámico,Consumos en ciudad,Comportamiento de caja"
Ford Ranger XLT 2.5 MT,Ford,Ranger XLT 2.5 MT,7.3,7.4,7.1,7.2,7.3,"Unica en el segmento,Espacio en plazas traseras,Apta GNC,Garantía de 5 años","Solo tres airbags,Consumos siderales,Sin 4x4,Sistema multimedia"
Citroën C4 Cactus Shine 1.6 AT,Citroën,C4 Cactus Shine 1.6 AT,7.6,7.0,7.6,7.6,8.2,"Confort de marcha,Potencia/Prestaciones,Habitabilidad,Seguridad,Gama ampliada","Auxilio temporal,Capacidad de baúl,Comportamiento dinámico,Sin opción 4x4,Calidad mejorable"
Peugeot 308S GT,Peugeot,308S GT,7.9,7.8,7.9,8.1,8.4,"Diseño agradable,Prestaciones deportivas,Consumos contenidos (en ruta),Motor eficiente","Posición de manejo conflictiva,Auxilio temporal,Plazas traseras justas,Configuración en pantalla"
Volvo XC60 T5 Momentum,Volvo,XC60 T5 Momentum,8.1,8.2,8.1,8.5,7.9,"Diseño personal,Calidad,Eficiencia de los frenos,Suspensiones equilibradas,Motorizacion eficiente","Ausencia de cámara MA,Auxilio temporal,Precio comparativo,Consumo/Autonomía,Posicion de manejo"
Volkswagen Vento 1.4 TSI Highline Tiptronic,Volkswagen,Vento Highline 1.4 TSI Highline Tiptronic,7.9,8.1,7.9,8.1,8.1,"Equipamiento,Terminación,Prestaciones correctas,Consumo contenido,Comportamiento dinámico","Precio comparativo,Distancias de frenado,Levas no disponibles,Espejos eléctricos no rebatibles,Auxilio temporal"
Toyota Hilux SRX 4×4 MT,Toyota,Hilux SRX 4x4 MT,7.7,7.6,7.7,7.4,7.7,"Garantía,Durabilidad,Capacidad off road,Consumos","Confort de marcha,Selector de caja,Quinta plaza,Actualización a medidas"
Toyota Yaris 1.5 S 5 puertas,Toyota,Yaris 1.5 S MT 5 puertas,7.6,7.4,7.6,7.8,7.5,"Motor y transmisión,Equilibrio suspensiones,Garantía extendida,Consumos,Habitabilidad","Distancias de frenado,Sin sensor trasero,Algunas terminaciones,Posición de manejo,Autonomía"
Alfa Romeo Giulietta Veloce 1.8 AT,Alfa Romeo,Giulietta Veloce 1.8 AT,7.7,7.4,7.3,7.7,8.4,"Potencia disponible,Comportamiento,Calidad,Equipamiento,Diseño atractivo","Espacio posterior,Confort de marcha,Auxilio temporal,Precio elevado,Caja poco eficiente"
Chevrolet Equinox 1.5 Premier AT 4×4,Chevrolet,Equinox 1.5 Premier AT 4x4,7.7,8.2,7.7,7.7,7.3,"Equipamiento,Habitabilidad,Relación CV/Litro,Comportamiento equilibrado,Presentación","Opción 4x4,Consumo urbano,Baúl mejorable,Auxilio temporal,Gama acotada"
Fiat Uno Way,Fiat,Uno Way,7.1,7.3,6.9,7.3,7.1,"Confort de marcha,ESP de serie,Multimedia completa,Calidad percibida","Baúl acotado,Única versión,Espacio trasero,Restyling antiguo"
Nissan Frontier 2.3 LE 4X4 AT,Nissan,Frontier 2.3 LE 4X4 AT,7.6,8.2,7.8,7.7,8.0,"Equipamiento mejorado,Confort de marcha,Neumáticos más off road,Precio final","Sin bloqueo diferencial trasero,Posición de manejo,Algunas terminaciones,Garantía"
BMW X3 M40i,BMW,X3 M40i,8.2,8.1,8.4,8.7,8.3,"Imagen deportiva,Terminaciones/Materiales,Prestaciones/Elasticidad,Comportamiento dinámico","Auxilio temporal,Confort de marcha,Consumo promedio,Precio respecto del Q5"
Mercedes-Benz A 250 AMG-Line,Mercedes Benz,Clase A 250 AMG-Line,8.0,8.1,8.1,8.1,8.8,"Equipamiento de serie,Sistema Linguatronic,Consumo contenido,Comportamiento deportivo,Calidad de materiales","Precio elevado/Garantía,Despeje limitado,Sin auxilio homogéneo,Visibilidad panorámica,Ubicación selector caja"
Ford Ka+ 1.5 AT,Ford,Ka+ 1.5 AT,7.3,7.3,7.2,7.5,7.6,"Equipamiento de seguridad,Baúl,Multimedia,Confort de marcha,Motor y caja","Consumo urbano,Auxilio temporal,Distancia de frenado,Instrumental,Precio comparativo"
Renault Duster Oroch 4×4,Renault,Duster Oroch 4x4,7,7.3,6.6,6.9,6,"Gama on y off road,Confort de marcha,All mode 4x4,Habitabilidad,Robustez","Motor antiguo,Capacidad de carga,Calidad mejorable,Portón pesado,Equipamiento de seguridad"
Ford Ka Freestyle,Ford,Ka Freestyle,7.4,7.4,7.3,7.4,7.3,"Equipo de seguridad,Look diferencial,Eficiencia de motor,Comportamiento","Una sola versión,Detalles mejorables,Baúl justo,Consumo urbano"
Fiat Toro 1.8 naftera AT6,Fiat,Toro Freedom 1.8 AT6,7.3,7.5,7.7,7.4,6.5,"Diseño personal,Presentación interior,Equipamiento de serie,Precio comparativo","Consumo elevado,Plazas traseras justas,Error velocímetro (11%),Recuperaciones/Elasticidad"
Lexus GS 450h Luxury,Lexus,GS 450h Luxury,8.3,8.3,8.3,8.4,8.8,"Habitabilidad ,Confort de marcha ,Consumo/autonomía,Performances,Calidad","Capacidad de baúl ,Quinta plaza ,Sin asistentes seg. ,Auxilio temporal ,Sin navegador"
Volkswagen Saveiro Cross,Volkswagen,Saveiro Cross,6.9,7.0,6.7,6.9,7.1,"Confort,Con ESP,Gama variada,Estética","Plazas posteriores,Volúmen de carga,Prestaciones domésticas,Caja de cinco relaciones"
Hyundai Veloster 1.6T Ultimate 7DCT,Hyundai,Veloster 1.6T Ultimate 7DCT,8.0,7.8,7.8,8.3,8.6,"Estética diferencial,Performance,Comportamiento,Equipamiento,Gama completa","Acceso a plazas traseras,Auxilio temporal,Solo para cuatro,Algunos plásticos,Visibilidad"
BMW X2 sDrive 2.0i MSport,BMW,X2 sDrive 2.0i MSport,8.1,8.0,8.2,8.7,8.2,"Diseño atractivo,Consumo,Poder frenante,Motor elástico","Precio comparativo,Visibilidad panorámica,Plazas traseras justas,Auxilio temporal"
Honda HR-V EXL,Honda,HR-V EXL,7.2,7.4,7.5,7.7,7.6,"Equipamiento de seguridad/Frenos,Eficiencia del motor,Habitabilidad/Baúl,Función manual CVT,Calidad de terminación","Faltantes de confort,Auxilio temporal,Solo 4x2,Luces mejorables,Sin antiniebla trasero"
Audi A3 2.0T Sedán S Line,Audi,A3 2.0T Sedán S Line,8.1,8.0,7.6,8.5,8.5,"Consumo austero,Percepción de calidad ,Motor eficiente,Agrado de conducción","Precio elevado ,Plaza trasera central ,Diseño convencional ,Visibilidad posterior "
Lexus NX 300h,Lexus,NX 300h,8.0,8.3,7.9,7.9,7.9,"Habitabilidad ,Confort de marcha,Consumo/autonomía,Doble tracción  Garantía,Garantía","Reventa incierta,Quinta plaza ,Sin asistentes seg. ,Auxilio temporal ,Multimedia poco intuitiva"
Peugeot 308 S,Peugeot,308 S,7.8,7.6,7.6,8.3,7.9,"Calalidad ,Diseño ,Prestaciones ,Equipamiento","Sin levas ,Precio elevado,Quinta plaza ,Auxilio temporal "
Changan CS15 Luxury,Changan,CS15 Luxury,6.9,6.9,7.1,6.9,6.5,"Equipamiento ,Habitabilidad ,Consumo en ruta ,Garantía ,Multimedia","Auxilio temporal, Prestaciones ,Autonomía ,Caja/motor ,Sin navegador"
Hyundai Kona Ultimate,Hyundai,Kona Ultimate,7.7,8.0,8.5,7.6,7.6,"Prestaciones,Comportamiento gral,Equip. de seguridad,Look diferencial,Vida a bordo","Auxilio temporal,Precio elevado,Consumo en ciudad,Baúl justo,Habitabilidad"
Mercedes Benz Clase E 220d All-Terrain,Mercedes Benz,Clase E 220d All-Terrain,8.3,8.7,8.9,8.2,8.3,"Consumo,Capacidad de baúl,Prestaciones,Calidad de materiales,Autonómia","Auxilio temporal,Garantía,Precio mejorable,Posibilidad de reventa,Falta de ADAS"
Volvo XC40 T5 AWD,Volvo,XC40 T5 AWD,8.0,8.0,8.2,8.4,7.9,"Susp. equilibradas,Motor efic./Elasticidad,Diseño logrado,Calidad de materiales","Auxilio temporal,Consumo/autonomía,Precio mejorable,Ordenador poco intuitivo"
Audi A5 Coupe Stronic Quattro,Audi,A5 coupé Quattro,7.9,7.9,8.0,8.5,8.2,"Diseño atractivo,Term./materiales,Prest. deportivas,Dinámica rutera,Tracción ""quattro""","Precio comparativo,Plazas traseras/Acceso,Visibilidad panorámica,Auxilio temporal,Despeje limitado"
Changan CS75 Elite,Changan,CS75 Elite,7.2,8.0,7.4,7.8,7.6,"Estética sobria,Capacidad baúl,Garantía,Auxilio,Habitabilidad","Prestaciones,Precio elevado,Consumo en ciudad,Autonomía,Distancias de frenado"
Haval H1,Haval,H1,6.6,6.6,6.7,6.8,6.8,"Estetica simpática ,Consumo,ESP disponible,Agilidad en ciudad,Buen radio de giro","Calidad general,Auxilio temporal,Solo airbag frontal,Capacidad de baúl,Distancia de frenado"
Mini Cooper S look JCW,Mini,COOPER S LOOK JCW 3P,7.8,7.4,7.4,8.5,8.6,"Diseño seductor ,Motor/Consumo,Prestaciones deportivas,Elasticidad/Recuperaciones,Comportamiento dinámico","Plazas traseras simbólicas,Faltantes de equipamiento,Precio elevado,Confort de marcha,Run Flat sin auxilio"
Citroën C4 Cactus VTI 115 Feel,Citroën,C4 Cactus VTI 115 Feel,7.1,7.2,6.9,6.9,7.3,"Confort de marcha,Estética diferencial,Precio comparativo,Equipo de seguridad","Auxilio temporal,Selector de caja,Instrumental anticuado,Sin sensor de est."
DS 3 Café Racer,DS,3 Café Racer,7.2,7.6,7.2,7.8,7.7,"Consumos,Equip. de confort,Calidad,Comportamiento,Distancia de frenado","Precio elevado,Diseño cuestionable,Habitabilidad,Baúl limitado,Auxilio temporal"
Mercedes Benz GLA 45 AMG,Mercedes Benz,GLA 45 AMG,8.2,7.9,8.1,8.7,8.8,"Motor/prestaciones,Comport. 4Matic,Aceleración,Relación CV/Litro,Diseño/Equipamiento","Precio elitista,Confort de marcha,Run Flat/sin auxilio,Garantía limitada,Plazas traseras justas"
Ford Mondeo Titanium,Ford,Mondeo Titanium,8.2,8.2,8.2,8.0,8.0,"Seguridad,Term./materiales,Diseño vigente,Confort de marcha,Múltiples asistentes","Consumo en ciudad,Gama reducida,Tablero confuso,Auxilio temporal,Tanque pequeño"
Jeep Renegade Trailhawk,Jeep,Renegade Trailhawk,7.4,7.3,7.4,7.3,7.4,"Equip/Multimedia,Seguridad,Robustez,Tracción,Autonomía","Radio de giro,Precio comparativo,Baúl,Sensibilidad al viento,Distancia de frenado"
Hyundai Veloster N,Hyundai,Veloster N,7.8,8.0,7.7,8.4,8.0,"Prestaciones,Comp. dinámico,Asistencias deportivas,Look diferencial,Consumo en ruta","Radio de giro,Auxilio temporal,Plazas traseras,Confort de marcha,Consumo en ciudad"
Volkswagen T-Cross Highline,Volkswagen,T-Cross Highline,7.7,7.5,8.0,8.1,7.2,"Habitabilidad,Percepción de calidad,Insonorización,Comportamiento dinámico","Prestaciones,Precio elevado,Auxilio temporal,Ausencia de opción 4x4"
Jeep Compass MY2019 Limited Plus,Jeep,Compass MY2019 Limited Plus,7.6,7.8,7.9,7.7,7.0,"Equip./Seguridad,Materiales,Plazas posteriores,Comp. equilibrado,Sistema de tracción","Baúl justo,Consumo urbano,Precio ,Distancias de frenado,Caja con patinamiento"
BMW 330i Sportline,BMW,330i Sportline,8.3,8.2,8.2,8.7,8.6,"Diseño renovado,Suspensiones equilibradas,Distancias de frenado,Tecnología aplicada","Run flat sin auxilio,Dosificación climatizador,Visibilidad panoràmica,Consumo urbano"
Toyota RAV4 Limited Hybrid,Toyota,RAV4 Limited,8.2,8.0,8.6,8.1,8.3,"Consumos,Eq. de seguridad,Capacidad de baúl,Auxilio original,Potencia combinada","Precio elevado,Multimedia,Capacidad off road,Maniobrabilidad,Solo híbrido"
Renault Kwid Outsider,Renault,Kwid Outsider,6.6,6.8,6.4,6.5,6.6,"Multimedia,Precio comparativo,Capacidad de baúl,Auxilio original,Cuatro airbags","Comp. dinámico,Autonomía,Posición de manejo,Habitabilidad trasera,Manejo en ruta"
Ford Mondeo Vignale Híbrido,Ford,Mondeo Hybrid Vignale,8.3,8.4,8.1,7.9,8.1,"Asistencias a la conducción,Confort y conectividad,Garantía del sistema eléctrico,Calidad de materiales,Precio/producto","Capacidad del baúl,Prestaciones vs EcoBoost,Kit antipinchazos,Caja sin mando secuencial"
Nissan Leaf,Nissan,Leaf,7.9,8.2,8.0,8.0,7.8,"Autonomía en ciudad,Equilibrio de suspensiones,Equipamiento de seguridad,e-Pedal,Prestaciones,Capacidad de baúl,Insonorización,Garantía sistema EV","Faltantes en confort,Autonomía en ruta,Tiempo de carga en 220v,Freno estacionamiento,Precio"
Volkswagen Vento GLI,Volkswagen,Vento GLI,8.0,8.0,8.0,8.4,8.3,"Prestaciones,Comportamiento dinámico,Eficiencia de los frenos,Recuperaciones","Precio elevado,Auxilio temporal,Espacio posterior justo"
Peugeot 2008 Sport THP,Peugeot,2008 Sport THP,7.8,7.9,7.9,8.1,8.1,"Potencia disponible,Percepción de calidad,Consumos contenidos,Grip Control","Sin ADAS,Rediseño escaso,Distancias de frenado"
Ford Ranger 2020 Black Edition,Ford,Black Edition,7.7,7.9,7.6,7.8,7.2,"Mejoras en el confort de marcha,Equip. de seguridad,Equip. de multimedia,Estética diferencial,Garantía","Consumo en ciudad,Restyling imperceptible,Distancias de frenado"
Mercedes-Benz Clase B 200 Progressive,Mercedes Benz,Clase B 200 Progressive,8.2,8.7,8.6,8.3,8.3,"Interacción con la unidad,Instrumental y MBUX,Conectividad,Prestaciones,Consumos,Motor y transmisión,Habitabilidad","Faltantes en equipamiento,Despeje conflictivo,Asistencias activas,Sin auxilio,Garantía"
DS 3 Crossback So Chic,DS,3 Crossback So Chic,7.7,7.9,7.8,7.8,7.6,"Diseño rupturista,Motor eficiente,Presentación,Telemática,Confort de marcha","Precio elevado,Falta de ADAS,Habitabilidad,Auxilio temporal"
BMW X4 xDrive 30i,BMW,xDrive 30i,8.2,8.3,8.3,8.4,8.7,"Consumo/Autonomía,Calidad de materiales,Prestaciones/Frenado,Comportamiento equilibrado","Visibilidad posterior,Algunos faltantes de equipamiento,Android no disponible,Auxilio temporal"
Mitsubishi L200,Mitsubishi,L200,7.5,7.7,7.7,7.3,7.6,"Renovación estética,Modos off road,Equipamiento general,Potencia de frenado,Diferencial central","Precio comparativo,Valor de reventa,Visibilidad trasera,Garantía"
BMW M2 Coupé,BMW,M2 Coupé,8.2,8.1,8.3,8.3,8.5,"Aceleración/Elasticidad,Calidad de construcción,Comportamiento dinámico,Caja de cambio/levas,Diseño deportivo","Plazas traseras/Acceso,Consumo en ciudad,Autonomía limitada,Kit de reparación,Confort de marcha"
Lifan My May 1.8 MT,Lifan,My May 1.8 MT,6.6,6.7,6.1,5.9,6.8,"Modularidad interior,Consumos,ESP/ASR,Diseño atractivo,Precio comparativo","Distancia de frenado,Pedal de freno gomoso,Transmisión,Solo dos airbags,Comportamiento en ruta"
Toyota Innova SRV 2.7 Automática,Toyota,Innova SRV 2.7 AT,7.6,8.0,7.3,7.5,7.1,"Calidad percibida,Seguridad en 8 plazas,Configuración de butacas,Baúl con tercera fila rebatida,Precio comparativo","Rigidez de la suspensión,Consumos elevados,Faltantes de equipamiento,Sensores de estacionamiento,Sin opción diésel"
Renault Kwid Iconic 1.0 MT,Renault,Kwid Iconic 1.0 MT,6.8,6.5,6.5,6.7,6.5,"Multimedia,Precio comparativo,Capacidad de baúl,Motor moderno,Cuatro airbags","Comportamiento dinámico,Autonomía,Posición de manejo,Habitabilidad trasera,Manejo en ruta"
Mercedes-Benz Clase E 400 4Matic AMG Line,Mercedes Benz,Clase E 400 4Matic AMG Line,8.3,8.1,8.7,8.7,8.4,"Calidad general,Sistema de iluminación,Prestaciones,Consumos en ruta,Aislación acústica","Quinta plaza,Neumáticos run flat,Visibilidad panorámica,Consumo urbano,Garantía"
Mini Clubman Chili 2.0 AT,Mini,Clubman Chili 2.0 AT,7.6,7.6,7.1,8.6,8.3,"Prestaciones en general,Consumo austero,Plazas traseras habitables,Comportamiento rutero,Motor eficiente","Rigidez de suspensiones,Neumáticos Run flat sin auxilio,Garantía limitada,Visibilidad posterior,Precio elevado"
Suzuki Vitara GLX 1.6 4×4 AT,Suzuki,Vitara GLX 1.6 4x4 AT,7.5,7.3,7.5,7.8,7.4,"Equipamiento de seguridad/frenos,Habitabilidad,Consumos,Personalización,Prestaciones","Aspereza del tren trasero,Calidad de algunos plásticos,Auxilio temporal,Faltantes de confort,Precio elevado"
Peugeot 2008 1.6 THP Sport,Peugeot,2008 1.6 THP Sport,7.9,7.7,7.9,8.2,8.3,"Diseño atractivo,Motor eficiente/Prestaciones,Suspensiones/Dinámica,Equipamiento de serie,Sistema Grip Control","Auxilio temporal,Ubicación instrumental,Distancias de frenado justas,Ausencia de Isofix,Xenón no disponible  "
RAM 1500 Laramie Crew Cab (V8 5.7 AT),,1500 Laramie Crew Cab (V8 5.7 AT),8.1,8.5,8.6,7.8,8,"Confort de marcha,Equipamiento de confort ,Opciones de tracción/off road ,Habitabilidad (adelante y atrás) ,Prestaciones","Consumo urbano elevado ,Practicidad en ciudad,Bajo poder lumínico,Limitada capacidad de carga,Sin GPS ni sensor delantero"
Volkswagen Golf 1.4 TSI Highline,Volkswagen,Golf 1.4 TSI Highline,8,8.3,7.9,8.3,8.1,"Diseño “Golf” actualizado ,Materiales/Terminación ,Equilibrio de suspensiones ,Insonorización ,Prestaciones/Consumo","Ausencia de levas al volante ,Navegador no disponible de serie ,Quinta plaza limitada, Reglaje manual de butacas ,Radio de giro mejorable"
Ford Mondeo 2.0 EcoBoost Titanium,Ford,Mondeo 2.0 EcoBoost Titanium,8.1,8.1,8.2,8.2,8.3,"Inusual equipamiento de serie ,Motor eficiente ,Dinámica en ruta,Prestaciones ,Consumo/Autonomía","Auxilio temporal ,Instrumental confuso, Valor de reventa ,Quinta plaza limitada ,Tacto pedal de freno"
Honda HR-V EXL (2015),Honda,HR-V EXL (2015),7.2,7.4,7.5,7.7,7.6,"Equipamiento de seguridad/Frenos,Equipamiento de seguridad/Frenos,Eficiencia del motor,Habitabilidad/Baúl,Función manual CVT,Calidad de terminación","Faltantes de confort,Auxilio temporal,Solo 4x2,Luces mejorables,Sin antiniebla trasero,Visibilidad panorámica justa"
Renault Duster Privilege 1.6,Renault,Duster Privilege 1.6,7.0,6.9,6.6,6.8,7.2,"Robustez,Central media,Confort de marcha,Motor eficiente","Faltantes de seguridad,Materiales mejorables,Precio en relación al 2.0,Insonoridad en ruta"
Volkswagen Polo 1.6 Comfortline MT,Volkswagen,Polo 1.6 Comfortline MT,7.4,7.6,7.5,7.6,7.7,"Motor/Consumo,Plazas traseras,Prestaciones,Equilibrio suspensiones,Capacidad del baúl","Faltantes de equipamiento,Insonorización,ESP no disponible,Diseño convencional,Sin sensores estacionamiento/lluvia"
Nissan NP300 Frontier LE AT (2016),Nissan,Frontier LE 4x4 AT (2016),7.7,8.0,7.8,7.9,8.4,"Diseño,Mejoras de equipamiento,Prestaciones,Confort de marcha ","Precio,Solo dos airabgs,Posición de manejo,Algunas terminaciones"
Volkswagen Golf GTi DSG (2.0/220CV),Volkswagen,Golf GTi DSG 2.0,8.1,8.2,7.9,8.6,8.1,"Prestaciones/Caja DSG, Motor eficiente/Elasticidad, Terminación/Materiales,Equipamiento de serie ,Suspensiones equilibradas","Precio elevado ,Distancias de frenado justas ,Valores de consumo ,Auxilio temporal ,Visibilidad posterior"
Chery QQ Confort,Chery,QQ Confort,6.3,6.2,6.2,6.2,5.8,"Diseño personal,Mejora en la terminación,Equipamiento de confort,Utilización en ciudad","Prestaciones limitadas,Espacio y acceso de carga,Insonorización mejorable,Caja ruidosa"
Toyota SW4 4×4 SRX MT,Toyota,SW4 4x4 SRX MT,7.7,7.6,7.9,7.7,7.8,"Aptitudes off road ,Equipamiento de serie ,Robustez estructural,Imagen de confiabilidad ,Opticas Bi-LED ,Selector de tracción","Sistema rebatible 3ª fila ,Recuperaciones en 5ª y 6ª ,Radio de giro limitado ,Respuesta lenta de dirección ,Sensible a vientos laterales, Precio elevado"
Fiat Toro Volcano 4×4 2.0 170 CV,Fiat,Toro Volcano 4x4 2.0 170 CV,7.7,7.8,7.9,7.5,7.8,"Calidad de materiales,Desempeño dinámico en ruta,Consumos,Capacidad de caja","Gama acotada (solo un motor),Auxilio temporal,Plazas traseras acotadas,Pocos portaobjetos"
Mini Cooper S – 5 puertas,Mini,Mini Cooper S - 5 puertas,7.8,7.3,7.3,8.9,8.4,"Motor/Prestaciones,Comportamiento dinámico,Diseño seductor,Calidad de materiales,Conducción agradable","Habitabilidad en plazas traseras,Run Flat/ Sin auxilio,Confort de marcha en ciudad,Precio elevado,Tamaño de baúl"
Chevrolet Cruze LTZ Plus,Chevrolet,Cruze LTZ Plus,8.1,7.9,8.0,7.8,8.3,"Estética deportiva,Equipamiento de serie confort,Tecnología aplicada,Prestaciones,Precio comparativo","Diseño impersonal,Auxilio temporal,Visibilidad panorámica,Dirección sobreasistida,Confort en ciudad"
Renault Sandero R.S.,Renault,Sandero R.S.,7.6,7.2,7.4,8.2,7.8,"Nivel de prestaciones ,Comportamiento dinámico,Espacio interior/baúl,Precio atractivo,Respuesta de los frenos","Confort en ciudad,Auxilio temporal,Calidad mejorable,Seguridad pasiva,Regulación del volante"
Fiat Mobi Easy Top,Fiat,Mobi Easy Top,6.7,6.7,6.4,6.8,6.0,"Precio contenido,Maniobrabilidad urbana,Garantía de tres años,Consumo reducido","Prestaciones limitadas,Espacio interior,Baúl pequeño,Selector de caja gomoso"
BMW X1 xDrive 2.5i,BMW,X1 xDrive 2.5i,8.1,7.8,8.2,8.4,8.6,"Diseño logrado,Equipamiento de serie,Comportamiento/Prestaciones,Consumo/Autonomía,Motor eficiente","Run Flat (sin auxilio),Visibilidad posterior,Asientos plazas traseras,Limitado a cuatro plazas,Espejos no rebatibles eléctricamente"
Hyundai Tucson Full Premium 4×4 AT CRDi,Hyundai,Tucson Full Premium 4x4 AT CRDi,7.9,8.3,8.3,7.8,7.9,"Prestaciones/Motor eficiente,Consumo a velocidades constantes ,Diseño atractivo,Equipamiento de serie,Suspensiones equilibradas","Precio elevado,Distancias de frenado justas,Capacidad de baúl,Consumo urbano,Potencia luminica"
Chevrolet S10 High Country 4×4 AT,Chevrolet,S10 High Country 4x4 AT,7.6,7.3,7.8,7.5,8.2,"Potencia/torque,Mejora de equipamiento,Prestaciones/eficiencia del motor,Precio competitivo","Faltantes de seguridad,Auxilio de diferente medida,Visibilidad panorámica ,Consumo en ciudad"
Renault Megane R.S. Coupé,Renault,Megane R.S. Coupé,7.8,7.4,7.7,8.5,8.3,"Diseño impactante,Comportamiento de competición,Posición de manejo/Butacas,Rigidez del chasis/Suspensiones,Motorización,Prestaciones deportivas","Plazas traseras,Visibilidad panorámica,Confort de marcha penalizado,Distancias de frenado estándar,Consumo en ciudad,Precio elevado"
Chevrolet Onix LTZ AT,Chevrolet,Onix LTZ AT,7.2,7,7,7,7,"Precio,Consumo,Garantía,Equipamiento de confort","Seguridad,Auxilio temporal,Dirección algo pesada"
Ford Mustang GT 5.0,Ford,Mustang GT 5.0,7.6,7.0,7.1,8.3,7.7,"Aceleraciones fulminantes,Tenida direccional,Posición de manejo,Conducción agradable ,Precio comparativo,Diseño agresivo","Acceso/Plazas traseras simbólicas,Confort de marcha en ciudad ,Consumo promedio y urbano ,Maniobrabilidad limitada ,Autonomía (tanque de 60 litros),Comportamiento “nervioso”"
Renault Captur Intens 2.0 MT,Renault,Captur Intens 2.0 MT,7.3,7.2,6.8,7.3,7.2,"Diseño atractivo,Confort de marcha,Espacio interior y baúl,Equipamiento de confort,Selector de caja","Gama reducida,Dirección liviana,Distancias de frenado,Auxilio temporal,Posición de manejo mejorable"
Mercedes-Benz C300 Coupe AMG-Line,Mercedes Benz,C300 Coupe AMG-Line,7.8,8.2,7.8,8.3,8.5,"Equipamiento de serie,Prestaciones/Consumo,Calidad de materiales,Maniobrabilidad,Desempeño dinámico","Neumáticos Run Flat,Plazas traseras limitadas,Precio elevado,Visibilidad en general,Garantía mejorable"
BMW X4 xDrive 35i 3.0 AT,BMW,X4 xDrive 35i 3.0 AT,8.1,8.1,7.8,8.6,8.5,"Comportamiento dinámico,Equipamiento,Prestaciones,Caja de 8 marchas","Capacidad de baúl,Sin auxilio,Consumo elevado,Visibilidad posterior"
Peugeot 308 S GTi,Peugeot,308 S GTi,8.0,7.4,7.6,8.5,8.7,"Eficiencia del motor/Prestaciones ,Comportamiento deportivo ,Poder frenante ,Selector preciso,Equipamiento de serie","Precio comparativo ,Plazas traseras justas,Confort de marcha,Sin auxilio (kit) ,Visibilidad posterior"
Volkswagen Touareg V8 4.2 AT,Volkswagen,Touareg V8 4.2 AT,8.2,8.3,8.1,8.1,8.2,"Prestaciones deportivas,Suspensiones equilibradas,Posición de manejo,Espacio interior,Conducción agradable","Auxilio temporal,Maniobrabilidad urbana,Precio elevado,Consumo en transito pesado,Visibilidad panoramica"
Mitsubishi L200 2.4 Di-D High Power 4WD AT,Mitsubishi,L200 2.4 Di-D High Power 4WD AT,7.5,7.7,7.7,7.1,8,"Desempeño off road,Equipamiento de seguridad,Robustez estructural,Consumos/Autonomía,Prestaciones","Aspereza de suspensiones,Ordenador básico,Faltantes de confort,Frenos traseros,Precio elevado"
Geely Emgrand 1.8 MT,Geely,Emgrand 1.8 MT,6.7,6.8,6.4,6.8,7.1,"Espacio interior,Equipamiento de confort,Consumo contenido,Capacidad de baúl","Sin ESP,Posición de manejo,Precio comparativo,Unica version"
Ford Kuga Titanium 2.0 AT AWD,Ford,Kuga Titanium 2.0 AT AWD,8.0,8.0,7.9,8,8.2,"Motor/caja,Equipamiento,Calidad general,Tecnología,Precio comparativo","Algunas terminaciones,Cualidades off road,Sin auxilio,Quinta plaza,Dosificación del freno"
Volkswagen Vento 1.4 TSI Highline DSG (2016),Volkswagen,Vento 1.4 TSI Highline DSG (2016),7.9,8.0,8.0,8.2,8.3,"Balance de suspensiones,Prestaciones correctas,Auxilio y llantas homogéneos,Capacidad de baúl,Conducción agradable","Diseño exterior convencional,Algunos faltantes de equipamiento,Navegador no disponible,Luces halógenas,Precio comparativo"
Chevrolet Tracker LTZ AWD,Chevrolet,Tracker LTZ AWD,7.3,7.2,7,7.4,7.2,"Equipamiento de seguridad,Tecnología aplicada,Calidad general,Nuevo diseño del tablero","Capacidad de baúl,Comportamiento off road,Auxilio temporal,Unión motor/caja"
Nissan Murano Exclusive CVT,Nissan,Murano Exclusive CVT,8.0,8.3,8.1,7.4,8.0,"Estética deportiva,Potencia disponible,Calidad general,Consumo contenido,Confort de marcha","Capacidad off road,Sin levas al volante,Faltantes de equipamiento,Precio elevado,Sistema multimeda/navegador"
Toyota Corolla SE-G,Toyota,Corolla SE-G,7.7,7.6,7.5,7.7,7.6,"Equipamiento,Faros bi led,Habitabilidad,Confiabilidad","Radio de giro,Tenida direccional,Despeje delantero,Auxilio temporal"
Peugeot 301 1.6 Allure Plus,Peugeot,301 1.6 Allure Plus,7.3,7.4,7.1,7.2,7.3,"Espacio interior baúl,Confort de marcha,Desempeño en ruta,Prestaciones correctas,Robustez estructural","Ubicación de mandos,Diseño convencional,Precio algo elevado,Auxilio temporal,Interior ""triste"""
Volkswagen Passat 2.0 TSI Highline,Volkswagen,Passat 2.0 TSI Highline,8.3,8.6,8.5,8.4,8.1,"Equipamiento de serie,Espacio interior,Diseño/Terminación,Suspensiones,Prestaciones","Visibilidad posterior,Consumo promedio,Precio comparativo,Ordenador poco intuitivo,Gama reducida"
Mercedes Benz GLC 300 Coupé 4Matic AT,Mercedes Benz,GLC 300 Coupé 4Matic AT,8.1,8.4,8.4,8.3,8.2,"Equipamiento de serie/Baúl,Comportamiento equilibrado,Terminación y materiales,Prestaciones correctas ","Visibilidad posterior ,Neumáticos run-flat,Garantía mejorable,Consumo urbano"
Citroën C-Elysée Feel HDi,Citroën,C-Elysée Feel HDi,7.4,7.3,7.1,7.3,7.8,"Con ESP,Precio atractivo,Consumos,Espacio interior/baúl","Pocos portaobjetos,Detalles de terminación,Ubicación de levantavidrios,Auxilio temporal"
Toyota Prius CVT,Toyota,Prius CVT,7.7,7.7,7.8,7.5,7.8,"Consumo/autonomía,Equipo de seguridad,Agrado de uso,Confort de marcha,Garantía de 6 años","Visibilidad posterior,Prestaciones limitadas,Selector de caja,Despeje delantero,Diseño"
BMW 440i Convertible M Sport,BMW,440i Convertible M Sport,8.2,8.2,8.1,8.8,8.5,"Diseño logrado,Prestaciones,Elasticidad,Comportamiento dinámico,Equipamiento de serie","Visibilidad limitada,Plazas traseras,Acceso posterior limitado,Run-flat sin auxilio,Capacidad de baúl"
Hyundai Creta Connect AT,Hyundai,Creta Connect AT,7.2,7.3,7.3,7.3,7.1,"Habitabilidad/baúl,Con ESP de serie,Terminaciones,Caja automática,Comportamiento equilibrado","Faltantes de confort,Solo dos airbags,Precio,Consumo urbano,Prestaciones domésticas"
Jeep Compass Longitude 4×4,Jeep,Compass Longitude 4x4,7.6,7.7,8.2,7.8,7.5,"Plazas traseras espaciosas,Diseño exterior/interior,Equilibrio de suspensiones,Tracción con 4 funciones,Terminaciones correctas","Relación peso/potencia ,Visibilidad panorámica,Relaciones de caja “largas”,Consumo promedio ,Ausencia navegador de serie"
Volkswagen Amarok V6 TDI 4motion,Volkswagen,Amarok V6 TDI 4motion,7.8,8.1,8.0,7.6,8.0,"Prestaciones,Eficiencia de la transmisión,Comportamiento dinámico,Equilibrio de suspensiones,Equipamiento de serie","Respaldos de plazas traseras,Consumo urbano,Maniobrabilidad en ciudad,Precio comparativo,Visibilidad panorámica"
Peugeot 3008 GT-Line HDi 1.6 AT,Peugeot,3008 GT-Line HDi 1.6 AT,7.8,8.1,7.9,7.6,7.8,"Equipamiento disponible,Ayudas a la conducción,Agrado de uso,Calidad interior,Diseño atractivo","Espacio posterior,Capacidad off road,Auxilio temporal,Distancias de frenado,Posición de manejo"
Fiat Argo Precision Pack Premium 1.8 MT,Fiat,Argo Precision Pack Premium 1.8 MT,7.3,7.3,7.3,7.1,7.3,"Equipamiento de confort,Gama variada,Relación precio producto,Control de estabilidad,Confort de marcha","Consumo,Prestaciones domésticas,Sin navegador,Diseño impersonal,Radio de giro"
Volkswagen Up! Pepper 1.0 MT,Volkswagen,Up! Pepper 1.0 MT,7.0,6.6,6.6,7.2,7.9,"Relación peso potencia,Inclusión del ASR,Presentación interior,Agilidad en ciudad","Falta ESP,Precio comparativo,Plazas traseras,Poder lumínico"
Mercedes Benz Clase G 500,Mercedes Benz,Clase G 500 4.0 V8,7.3,7.1,8.0,6.6,7.7,"Equipamiento,Prestaciones,Terminaciones,Capacidad off road,Baùl","Plazas traseras limitadas,Distancias de frenado,Consumo elevado,Precio elitista,Garantía"
Ford Ecosport 1.5 Titanium MT,Ford,EcoSport 1.5 Titanium MT,7.6,7.5,7.6,7.3,7.8,"Equipamiento de serie,Diseño/Terminación,Consumos,Suspensiones,Prestaciones generales","Auxilio externo,Apertura portón,Precio comparativo,Sin opción de caja manual de sexta,Motor en ralentí"
Nissan Kicks Exclusive 1.6 CVT,Nissan,Kicks Exclusive 1.6 CVT,7.3,7.8,7.3,7.2,7.0,"Diseño,Equipamiento,Calidad/Terminación,Baúl,Auxilio","Funcionamiento de caja,Consumo urbano,Recuperaciones,Dirección sobreasistida,Autonomía"
Chery Tiggo 5 Comfortline,Chery,Tiggo 5 Comfortline,7.0,7.0,7.0,6.8,6.5,"Habitabilidad,Nuevo lenguaje de diseño,Auxilio original,Precio/tamaño,Versiones con ESP","Calidad general,Seguridad ,Prestaciones,Consumos,Capacidad de baúl"
Honda Civic EX-T 1.5 AT,Honda,Civic EX-T 1.5 AT,7.7,7.8,7.8,8.0,8.2,"Prestaciones/consumos,Habitabilidad,Capacidad de baúl,Evolución estética","Solo versiones automáticas,Precio,Algunos faltantes de confort,Auxilio temporal"
Hyundai Genesis 2.0 AT,Hyundai,Genesis 2.0 AT,7.9,7.5,6.9,8.2,8.4,"Diseño logrado,Comportamiento dinámico,Precio comparativo,Prestaciones deportivas,Consumo/Autonomía","Plazas traseras muy limitadas,Boca de carga baúl/Aux temporal,Faltantes de equipamiento,Visibilidad panorámica,Distancia de frenado"
Lifan X50 Full Plus 1.5 MT,Lifan,X50 Full Plus 1.5 MT,6.8,6.6,6.9,6.6,6.7,"Confort de marcha,Equipamiento de confort,Diseño atractivo,Capacidad de baúl","Eficiencia de los frenos,Autonomía ,Prestaciones,Unica versión"
Mercedes Benz Vito Tourer 2.0 MT,Mercedes Benz,Vito Tourer 2.0 MT,7.4,7.5,6.9,7.4,7.7,"Habitabilidad,Plazas posteriores,Capacidad de baúl,Desempeño dinámico","Faltantes de equipamiento,Velocidad máxima,Solo dos airbags,Calidad general"
Jeep Cherokee Trailhawk 3.2 AT9,Jeep,Cherokee Trailhawk 3.2 AT9,7.4,7.2,7.7,7.5,7.3,"Calidad general,Capacidad off road,Confort de marcha,Desempeño dinámico,Aislación acústica","Quinta plaza,Consumo urbano,Visibilidad panorámica,Diámetro de giro,Garantía"
Kia Cerato SX Hatchback 2.0 AT,Kia,Cerato SX Hatch 2.0 AT6,7.3,7.4,7.2,7.2,7.5,"Diseño,Calidad General,Auxilio homogéneo,Confort de marcha,Garantía","Cinturón abdominal en quinta plaza,Prestaciones domésticas,Gama acotada,Faltantes de equipamiento,Sin versión manual"
Jeep Renegade Trailhawk 2.0 Diésel 4×4,Jeep,Renegade Trailhawk 2.0 Multijet AT9 4x4,7.2,7.2,7.6,7.3,7.3,"Diseño personal,Equipamiento,Robustez estructural,Off Road / Tracción","Radio de giro limitado,Baúl justo,Sensibilidad al viento,Precio comparativo"
BMW 540i M Sport,BMW,540i M Sport,8.4,8.9,8.7,8.5,8.6,"Equipamiento/Multimedia,Materiales/Calidad,Prestaciones/Frenos,Comportamiento dinámico,Consumos","Dosificación,Precio comparativo,Auxilio temporal,Visibilidad panorámica,Maniobrabilidad"
Peugeot 3008 GT-Line THP,Peugeot,3008 GT-Line THP,7.9,8.0,8.1,7.7,8.1,"Comportamiento equilibrado,Consumos,Perfomances,Calidad interior,Equipamiento","Comportamiento off road,Espacio interior,Auxilio temporal,Posición de manejo,Distancias de frenado"
Fiat Tipo Easy,Fiat,Tipo Easy,7.6,7.7,7.6,7.4,7.2,"Equipamiento,Habitabilidad/baúl,Diseño logrado,Capacidad de frenado,Precio competitivo","Recuperaciones,Reacción lenta de la caja,Tanque chico,Auxilio temporal,Ausencia de navegador"
Citroën SpaceTourer Feel,Citroën,SpaceTourer Feel,7.3,7.1,7.3,6.7,7.3,"Consumo/autonomía,Equipamiento,Versatilidad,Comportamiento equilibrado,Frenos","Eje posterior rígido,Sensibilidad al viento,Selector de caja,Sin cámara,Dirección pesada"
Peugeot 5008 Allure Plus THP,Peugeot,5008 Allure Plus THP,7.9,8.2,7.9,7.5,7.9,"Equipamiento,Prestaciones,Terminaciones,Consumos,Seguridad","Tercera fila limitada,Distancias de frenado,Auxilio temporal,Precio,Comportamiento off road"
Fiat Argo Drive Pack Conectividad,Fiat,Argo Drive Pack Conectividad,7.0,7.4,6.9,7.0,7.0,"Habitabilidad,Capacidad de baúl,Direccioón eléctrica ,Confort de marcha","Consumo,Recorridos de la caja,Auxilio temporal,Sin ESP"
Fiat 500x Cross Plus 1.4 AT,Fiat,500x Cross Plus 1.4 AT,7.5,7.3,7.5,7.7,7.8,"Equipamiento,Calidad general,Diseño,Prestaciones correctas,Auxilio homogéneo","Quinta plaza,Precio elevado,Sin chapón,Consumo,Distancias de frenado"
Mini Cooper Countryman S Chili 2.0 AT,Mini,Countryman S Chili 2.0 AT,8.0,8.0,8.0,8.5,8.2,"Habitabilidad,Prestaciones,Consumo contenido,Conducción agradable,Suspensiones equilibradas","Run Flat ,Freno hipersensible,Precio elevado,Butacas manuales,Visibilidad posterior"
Peugeot 208 HDi 1.6 MT,Peugeot,208 HDi 1.6 MT,7.4,7.4,7.5,7.4,8.0,"Diseño,Equipamiento general,Consumos/Autonomia,Comportamiento","Precio,Selectora de caja,Garantía,Solo una versión"
Ford Ranger XL 4×4,Ford,Ranger XL 4x4,7.0,6.6,6.6,6.9,7.2,"Seguridad,Rigidez estructural,Capacidad off road,Habitalidad","Faltantes de confort,Andar saltarín,Selector de caja,Distancia de frenado"
Renault Koleos Intens CVT 2.5 4WD,Renault,Koleos Intens CVT 2.5 4WD,7.5,8.0,7.8,7.5,7,"Habitabilidad,Equipamiento,Terminaciones,Sistema de tracción,Comportamiento equilibrado","Motor de larga data,Precio elevado,Consumo urbano,Prestaciones domésticas,Sin chapón protector"
Suzuki Baleno 1.4 GLX MT,Suzuki,Baleno 1.4 GLX MT,7.1,7.3,7.4,7.1,6.7,"Espacio interior/Baúl,Confort de marcha,Consumo en ruta,Poder lumínico,Motor elástico","Sensibilidad al viento,Autonomía,Recuperaciones,Auxilio temporal,Presentación interior"
Volkswagen Polo 1.6 AT6 Highline,Volkswagen,Polo 1.6 AT6 Highline,7.4,7.6,7.1,7.8,7.3,"Estética agradable,Espacio interior,Presentación interior,Consumo contenido,Instrumental","Auxilio temporal,Precio comparativo,Potencia limitada,Distancias de frenado,Prestaciones en general"
Fiat Cronos Precision Premium 1.8 MT,Fiat,Cronos Precision Premium 1.8 MT,7.4,7.4,7.4,7.1,7.3,"Diseño,Equipamiento de confort,Distancia de frenado,Confort de marcha,Motor con cadena","Consumo,Prestaciones domésticas,Autonomía,Radio de giro,Caja imprecisa"
Porsche 718 Cayman S,Porsche,718 Cayman S,7.9,7.2,8.0,8.7,8.9,"Prestaciones,Comportamiento,Consumo,Mecánica","Precio,Sin auxilio (kit),Confort de marcha,Capacidad de baúl"
Fiat 500 Abarth 595 Turismo,Fiat,500 Abarth 595 Turismo,7.7,7.0,7.9,8.3,8.3,"Diseño,Desempeño dinámico,Consumo/Prestaciones,Potencia CV/Litro","Caja de solo 5ta,Plazas traseras/Baúl,Sin auxilio/Kit,Confort de marcha"
Renault Captur Intens 1.6 CVT,Renault,Captur Intens 1.6 CVT,7.2,7.4,7.3,7.2,6.9,"Equipamiento,Confort de marcha,Diseño,Robustez estructural","Radio de giro,Baúl limitado,Consumo en ciudad,Prestaciones"
Volkswagen Tiguan 2.0 TSI Allspace 4Motion DSG,Volkswagen,Tiguan 2.0 TSI Allspace 4Motion DSG,8.4,8.7,8.5,8.2,8.3,"Nivel de equipamiento,Calidad general,Distancias de frenado,Prestaciones,Espacio interior","Baúl con 7 plazas,Visibilidad panorámica,Autonomía,Auxilio temporal,Consumos"
Fiat Cronos Drive 1.3 MT,Fiat,Cronos Drive 1.3 MT,6.9,7.1,6.4,6.7,7.5,"Confort de marcha,Precio atractivo,Baúl espacioso,Conectividad,Consumos contenidos","Prestaciones,Selector,Equipamiento de seguridad,Comportamiento dinámico,Ausencia de ESP"
Honda CR-V EXT 1.5 AT,Honda,CR-V EXT 1.5 AT,8,9.3,8,8,7.9,"Habitabilidad,Equipamiento,Terminaciones,Confort de marcha,Distancia de frenado","Off road limitado,Precio elevado,Consumos urbanos,Sin sensores delanteros,Solo una versión"
Volkswagen Virtus 1.6 MSI Highline AT,Volkswagen,Virtus 1.6 MSI Highline AT,7.7,8,7.6,8,7.2,"Espacio interior/baúl,Suspensiones,Consumo austero,Distancias de frenado,Agrado de conducción","Auxilio temporal,Prestaciones modestas,Seguridad mejorable,Relación peso/potencia,Precio comparativo"
Nissan X-Trail Exclusive 2.5 CVT 4×4,Nissan,X-Trail Exclusive 2.5 CVT 4x4,7.6,7.8,7.6,7.6,7,"Capacidad off road,Espacio interior,Precio comparativo,Confort de marcha,Consumo en ruta","Consumo en ciudad,Multimedia mejorable,Tecnología escueta,Rediseño en Europa,Gama acotada"
Kia Rio EX 1.6 AT Premium,Kia,Rio EX 1.6 AT Premium,7.6,7.7,7.6,7.9,7.3,"Habitabilidad/baúl,Con ESP de serie,Terminaciones,Caja automática,Comportamiento equilibrado","Faltantes de confort,ESP solo en Full,Precio,Consumo urbano,Prestaciones domésticas"
Ford Fiesta SE Plus 1.6 AT,Ford,Fiesta SE Plus 1.6 AT,7.1,7,7,7.2,7.2,"Equipamiento de confort,Mejora de la caja,Presentación interior,Confort de marcha,ESP en toda la gama","Baúl,Habitabilidad,Equipamiento de seguridad,Opción secuencial impráctica,Rediseño básico"
Chevrolet Camaro SS Cabrio,Chevrolet,Camaro SS Cabrio,7.5,7.2,7.6,8,7.6,,
Citroën C4 Lounge 1.6 VTi Live,Citroën,C4 Lounge 1.6 VTi Live,7.3,7.5,7.2,7.5,7,"Confort de marcha,Distancia de frenado,Selectora de caja,Plazas posteriores","Consumo en ciudad,Auxilio temporal,Instrumental,Sin sensores traseros"
Renault Logan Privilege Plus,Renault,Logan Privilege Plus,7.1,7.2,7.4,7.0,6.9,"Diseño mejorado,Equipamiento versión full,Espacio interior/Baúl,Confort de marcha,Relación precio/producto","Comportamiento dinámico,Pedal de freno ""gomoso"",Insonorización mejorable,Ausencia de ""one touch"",Recorrido selector de caja"
BMW M5 V8 2013,BMW,M5 V8 (2013),8.3,8.5,8.5,8.5,8.4,"Prestaciones brutales,Tecnología aplicada ,Comportamiento deportivo,Configuraciones múltiples,Equipamiento/terminación ,Diseño más agresivo ,Motor/elasticidad","Run flat sin auxilio,Distancia de frenado promedio,Visibilidad posterior,Parking sólo con motor apagado,Consumo en ciudad, Maniobrabilidad limitada,Selector de caja poco intuitivo"
