nombre,version,cal_general,cal_acabados,cal_seguridad,cal_equipamiento,cal_Infotenimiento,cal_comportamiento,cal_motor,cal_transmision,cal_consumo,cal_espacio,cal_precio,a_favor,en_contra
,,,,,,,,,,,,,,
Abarth 500 ,Tributo México (TM),7.9,7,9,8,5,9,10,10,8,6,7,"Apariencia deportiva,Sonido de escape (ADICTIVO),Manejo preciso y rabioso","No hay casi espacio al interior,La pantalla del sistema de infotenimiento es muy pequeña y se siente vieja,A pesar de tener poco kilometraje ya se notan ruidos al interior de las puertas y algunos plásticos"
,,,,,,,,,,,,,,
,,,,,,,,,,,,,,
Renault Sandero R.S. ,Única versión,7.8,7,6,8,7,8.5,8.5,9,9,8.5,7,"La respuesta del motor es muy buena.,El chasís es más deportivo de lo que imaginábamos en principio.,Buen espacio interior.","Los acabados son muy sencillos. ,Sólo tiene dos bolsas de aire y una estrella en Latin NCAP.,El volante no tiene ajuste de profundidad."
Ford Mustang ,Bullit 2019,8.1,8,8,9,10,8,8.5,10,6.5,6,7,"Los niveles ajustables de sonido del escape y el ruido resultante son maravillosos.,Es la mejor entrega de un Mustang GT Premium, Ford debería considerar aplicar estas mejoras para los V8.,La transmisión con Rev-Matching y pasos cortos es una delicia.","Que no se haya elegido el motor 5.2 l del Shelby GT-350 con el setting del Bullit.,Es un coupé 2+2 demasiado grande, 15% menos de dimensiones (y peso) y adiós deportivos europeos.,A la altitud de la CDMX se percibe la merma de potencia del V8 aspirado, se compensa con el bestial rugido a toda velocidad."
Volkswagen Jetta GLI ,35º aniversario,9.0,8.5,10,9,10,9,9,10,8,9,7.5,"El equilibrio entre deportividad y confort.,En modo Sport es verdaderamente rabioso.,El rendimiento de combustible es bastante razonable.,Muy buen nivel de equipamiento.","Faltan amenidades en las plazas traseras.,Son más de 500,000 pesos por un Jetta. ,El cuadro de instrumentos digital podría integrarse mejor al teléfono."
KIA Forte Hatchback ,GT,8.6,7.5,9,9,8,9,8.5,10,9,8,,"Ofrece sensaciones deportivas sin sacrificar confort.,El rendimiento de combustible es bueno.,Promete alto desempeño a un precio razonable.,¡Está disponible con transmisión manual!","Algunos acabados pueden mejorar.,El sonido del motor simulado a través de las bocinas suena falso."
,,6.9,6,6.5,7,7.5,5,5,5,8.5,10,9,"Hay espacio para siete pasajeros.,La configuración de asientos es muy versátil.,El rendimiento de combustible es bueno.","Acabados de percepción económica.,Hay mucha tendencia a inclinar la carrocería en curvas.,Sólo lleva dos bolsas de aire y el ESC es exclusivo de la versión más equipada.,El motor le queda apretado."
Lincoln MKC ,Reserve,8.9,8,10,10,9,8,10,8.5,8,8,9,"La relación valor/precio es muy buena. ,Hay mucha carga tecnológica en favor de la seguridad.,La respuesta del motor, muy buena.",Algunos acabados pueden mejorar.
,,,,,,,,,,,,,,
,,,,,,,,,,,,,,
BMW M2 ,Competition,8.5,10,8,8,8,10,10,9,7.5,7.5,7,"Que sea tan bueno -o mejor- que un M4, a menos que seas un M4.,La facilidad de manejo a cualquier velocidad.,Está enfocado para los puristas, lo cual es muy bueno porque cada vez hay menos coches así.","La suspensión es muy dura para la calidad del pavimento mexicano, no es culpa del coche, son circunstancias irremediables por nosotros.,Al interior le urge una actualización total, empezando por un modo Comfort de manejo y casilla ""P"" en el selector de cambios.,Que lo hayamos tenido que devolver..."
,,,,,,,,,,,,,,
,,,,,,,,,,,,,,
Suzuki Ertiga ,GLX,7.5,7,6.5,7.5,8,7,8,6,7,10,8.5,"El espacio interior y su versatilidad.,La visibilidad, ventanas enormes.,Suavidad en todo aspecto para vivir en un ciudad tan caótica.","¿Transmisión automática de cuatro cambios en 2018?,Dirección poco precisa,Mucho balanceo de carrocería por su altura y suspensión suave.,Los consumos se disparan mucho en tráfico pesado por los cuatro cambios de la caja."
,,,,,,,,,,,,,,
,,,,,,,,,,,,,,
Chrysler Pacifica ,Limited,8.2,7,7.5,8.5,9,8,10,9,5,10,8,"Queda mucho espacio en dos niveles para equipaje detrás de la tercera fila.,La practicidad del sistema Stow&Go, aunque su funcionamiento no sea el más sencillo.,La comodidad de marcha en conjunto con el aislamiento de ruido exterior.","Consume mucha gasolina, y con 7 pasajeros, la cuenta sale cara incluso por cabeza.,Que la iluminación principal sea de halógeno debería ser cosa del pasado.,Son tantas las piezas movibles, que hay muchos rechinidos al interior."
Toyota Corolla ,XSE (EE. UU.),8.4,8.5,10,9,8,8,8,7.5,9.5,7,,"Su diseño por fin tiene personalidad.,La calidad de marcha mejora muchísimo.,El equipamiento de serie, al menos en EE. UU., es muy completo.","Poco espacio interior... en el hatchback.,La transmisión CVT ha mejorado, pero aún no es perfecta.,Quizá no llegue a México con esta carrocería."
,,,,,,,,,,,,,,
,,,,,,,,,,,,,,
Volkswagen Touareg ,Wolfsburg Edition,8.5,9,7,7,8,8.5,10,8.5,10,9,8,"La relación potencia/consumo y el enorme par motor.,La calidad, tanto de marcha como de materiales al interior.,El bajo costo de operación y la durabilidad del motor turbodiésel.","Aunque de muy buena calidad, el interior merecía ser renovado entre 2015 y la actualidad.,No tiene puerto USB, se necesita un adaptador especial.,Es una lástima que no llegue la nueva generación que presenta una interesante evolución."
,,6.55,"7.0,8.5,8.5","6.2,7.5,8.0","4.1,5.1,3.5","2.8,2.8,4.8","6.9,6.4,6.7","6.7,7.3,7.7","7.1,6.8,7.1","7.5,8.7,8.3","8.6,9.0,8.0","8.6,8.5,9.3","Se siente robusto: bien preparado para asfalto maltratado.,El espacio interior es bueno.,La respuesta del motor desde bajas revoluciones.,Su consumo fue el mejor de la comparativa.,Su dirección es muy ligera, ideal para la ciudad.,Es el más equipado de los tres: lleva CarPlay y Android Auto.,Su conducción es la más refinada de los tres.,El diseño exterior e interior es bastante original.,Su estructura es estable en caso de accidente.,Buen rendimiento de combustible.","Los acabados tienen un margen de mejora importante.,Su conducción es un tanto áspera.,El nivel de seguridad deja que desear.,Su nivel de seguridad deja que desear.,No tiene controles de audio al volante.,El costo de mantenimiento es elevado.,Por algún motivo, no tiene tacómetro.,Los vidrios traseros son manuales."
,,,,,,,,,,,,,,
Volkswagen Teramont ,Highline,8.2,8,10,8.5,8.5,8,8.5,9,5,9,7.5,"Es uno de los SUV de 7 plazas más espaciosos.,Hay mucha tecnología de seguridad.,La respuesta del motor es muy buena.","La suspensión es demasiado blanda.,No hay entretenimiento para las plazas traseras.,El consumo es elevado."
,,,,,,,,,,,,,,
,,,,,,,,,,,,,,
Honda HR-V ,Touring,8.3,8,8.5,8.5,9,8,8,7,8.5,10,8,"Gran versatilidad y practicidad, este sí es un SUV,Honda Lane Watch, toda asistencia extra se agradece,Buena percepción de calidad interior","La caja CVT hace que a veces se sienta un poco torpe para responder,Las seis bolsas de aire sólo están disponibles en la versión más cara"
Toyota RAV4 ,Hybrid Limitd,8.7,9,8,8.5,8,8,9,9,10,9,,"Cumple lo que promete: un bajo consumo de combustible.,Su conducción es suave y muy confortable.,Ofrece buen espacio interior.","La versión híbrida sólo está disponible como tope de gama.,No hay monitor de punto ciego ni sensores de proximidad."
KIA Sedona ,SXL,8.3,8.5,8,9,9,8,8,8.5,5.5,10,8.5,"El espacio interior: la tercera fila es amplia.,Buen nivel de equipamiento de confort y entretenimiento.,La calidad de marcha es buena, muy cómoda.,Hay versiones relativamente accesibles.","El consumo de gasolina es elevado.,Podría equipar más tecnologías de asistencia de conducción."
Toyota RAV4 ,Adventure,8.3,9,8,8.5,8,8,7.5,8.5,8.5,9,,"Los acabados son muy buenos; el contraste de la tapicería, genial.,Su marcha es muy cómoda.,Ofrece distintos programas todoterreno.,El espacio interior es bueno.","El motor le queda justo en potencia.,No hay monitor de punto ciego ni sensores de proximidad.,El infotenimiento es compatible con Apple CarPlay, pero no con Android Auto."
Cadillac XT4 ,,8.2,8,8,9,8.5,8.5,8,9,7.5,7.5,,"La relación potencia/consumo te va a dejar contento.,Su diseño exterior es muy atractivo y destaca en cualquier situación.,El nuevo sistema multimedia CUE 3.0 es exponencialmente mejor que su predecesor.","Cadillac trata de quedar bien con clientes entre 40 y 70 años, un objetivo muy difícil de lograr con un SUV de entrada.,El tamaño de XT4 queda entre los SUV compactos y los medianos, ¿cuál es su competencia real?,La marca necesita actualizar más elementos o Chevrolet les va a quedar muy cerca."
,,7.95,"8.7,8.5,8.6","8.7,8.0,9.1","6.2,7.0,6.8","8.7,9.3,8.7","7.6,6.8,7.5","8.0,7.7,9.3","9.3,8.8,7.9","7.4,8.7,8.2","7.4,8.7,7.5","7.5,8.5,8.6","Lo explosivo del motor turbo.,El sistema de infotenimiento: completo y atractivo.,Hay buen espacio interior y una cajuela amplia.,El nivel de equipamiento: muy completo.,Buen rendimiento de combustible.,Tiene 7 años de garantía.,Su conducción es la mejor carta de presentación.,La selección de materiales al interior es muy acertada.,El interior es altamente ergonómico. ","Hay algunas ausencias en el equipamiento.,Supera 400,000 pesos.,Hay retraso en la entrada del turbo.,Sus prestaciones son modestas frente a Mazda 3 y Jetta.,La transmisión IVT no favorece una conducción divertida.,Poco espacio interior.,Faltan algunos elementos de equipamiento.,El costo del seguro es elevado."
,,,,,,,,,,,,,,
Honda Fit ,1 Millón,8.1,8,6.5,8.5,8.5,8,9,8,8,10,7,"El espacio interior: muy bien aprovechado.,La respuesta del motor es buena.,Una vez que te acostumbras, LaneWatch es útil.","No lleva control electrónico de estabilidad.,Le faltan las bolsas de aire tipo cortina.,No es barato."
SEAT León ,FR SC,8.3,8.5,8,8,10,9,9,7,7.5,8,8,"El motor 1.4 TSI es uno de los más rendidores, no hay mejor relación potencia/consumo en el mercado mexicano.,Las sutiles diferencias entre la carrocería SC y la de 5 puertas, así se ve mejor.,Quien diga que el León no es el mejor hatchback familiar a precio razonable, es porque no ha manejado uno.","No había razón para descontinuar por completo las versiones de 3 puertas, aunque fueran un porcentaje bajo de las ventas totales.,El turbo-lag causado por la caja DSG, ni en modo Sport arranca rápido.,Tanto se le invirtió al diseño de los LED, y las direccionales traseras son de bulbo..."
Subaru Forester ,Limited,8.3,9.5,10,9,9,8,7,8,5,9,8.5,"Los acabados son de gran calidad.,Muchísima carga de tecnología en favor de la seguridad.,Buen espacio interior.,La conducción es muy cómoda.","El motor se queda corto para un SUV de casi 600,000 pesos.,El consumo de combustible es elevado."
Suzuki Vitara ,Boosterjet TA,8.5,7,9,8.5,8,9,10,9,8,7.5,8.5,"La respuesta del motor es muy buena.,Es divertido de conducir: ágil y ligero.,Hay un buen nivel de equipamiento.","Los acabados y ensambles tienen margen de mejora.,El modelo base (GLS) sólo tiene dos bolsas de aire.,El espacio en la fila trasera es algo justo."
,,9.0,9.5,9,9,9.5,9.5,9,10,7,8,9,"El nivel de refinamiento es extraordinario.,La conducción es precisa y cómoda a partes iguales.,Hay una estupenda sinergia entre motor y transmisión.,El grado de insonorización es superior a la media del segmento compacto.","El motor SKYACTIV-X quedó fuera de la oferta inicial.,No hay salidas de aire acondicionado en la fila trasera.,Un cargador inalámbrico para smartphones no hubiera estado mal.,La pieza principal del tablero se refleja mucho en el parabrisas."
,,,,,,,,,,,,,,
,,,,,,,,,,,,,,
,,,,,,,,,,,,,,
,,,,,,,,,,,,,,
,,,,,,,,,,,,,,
,,,,,,,,,,,,,,
Mini Cooper S Convertible ,Hot Chili,8.3,9,9,9,9,10,9,9,7,5,7,"El look balanceado entre deportivo y elegante, los rines se ven espectaculares.,Funciona muy bien como hatchback.,El manejo de go-kart no se ve afectado siendo convertible.","Todo lo que pasa alrededor se escucha como si estuviera adentro.,Quien tiene un convertible siempre estará pensando en los canallas que quieran hacerle daño al techo de lona.,El tamaño de la cajuela es todavía más reducido que en un hatch."
,,,,,,,,,,,,,,
Hyundai Creta ,Limited,7.9,7,9,9,8,7,6,8,9,9,7,"Buen espacio interior.,Tiene garantía de 5 años y protección de llantas por 5 años.,El equipamiento de confort es completo.,Buen rendimiento de combustible.","El motor le queda justo.,Lleva frenos traseros de tambor.,Los plásticos al interior son muy rígidos.,Precio elevado."
,,8.32,"9.3,9.8","8.3,9.2","8.0,8.2","8.7,9.5","7.9,7.8","9.4,9.6","7.8,7.5","7.5,5.9","8.1,7.3","8.2,8.5","El rendimiento de combustible: 11.3 km/l en ciudad.,Lo explosivo del motor turbo es divertido.,Al volante es ágil y preciso.,La selección de materiales al interior es exquisita. ,Es ágil y divertido, pero también muy cómodo.,Buena respuesta del motor, muy lineal.","La suspensión se siente un tanto seca. ,Se echa de menos algo más de equipamiento.,Hay retraso en la entrada del turbo.,El rendimiento de combustible en ciudad.,No hay salidas de A/C ni puertos USB atrás."
,,,,,,,,,,,,,,
Peugeot 308 ,GT,8.0,9,7,7.5,7.5,8.5,8,9,9,7.5,7,"Basta verlo en una imagen para enamorarse...,El interior es único, de aspecto premium y muy ergonómico.,Excelente relación potencia/consumo.","Bye bye caja manual.,Peugeot debe desarrollar un motor 2.0 turbo para competir directo con GTI, la agilidad ya la tiene.,La ausencia en México de otras versiones de 308."
Toyota Prius ,Premium,8.7,7.5,9,8.5,7,8,9,9,10,10,9,"No hay que esforzarse para gastar poca gasolina. ,Manejo cómodo, ideal para ciudad.,Buen espacio interior.,Precio razonable.","Algunos plásticos del interior parecen económicos. ,Comportamiento poco preciso en curvas.,El diseño no es fácil de digerir.,El infotenimiento no es compatible con Android Auto ni Apple CarPlay."
,,,,,,,,,,,,,,
,,,,,,,,,,,,,,
,,,,,,,,,,,,,,
KIA Rio Sedán ,EX Pack 2019,8.2,8,8.5,8.5,9,8,8,8,6.5,9,8,"Buena relación precio/equipamiento,Cómodo para vivir en la ciudad,Espacio interior","Consumos algo elevados,Sistema de sonido,Mucho reflejo de los plásticos del tablero "
,,,,,,,,,,,,,,
,,,,,,,,,,,,,,
Toyota Corolla ,Hybrid,8.6,8.5,8.5,8.5,7,8,9,9,10,8,9,"Los acabados al interior mejoran mucho.,Su andar es silencioso: muy buena sinergia entre motores.,En verdad gasta poca gasolina.","No es compatible con Android Auto.,Se cuela mucho la rumorosidad de la rodadura a la cabina.,Hay pocos espacios para guardar objetos."
Audi Q7 ,55 TFSI Elite 2019,8.4,8.5,9,9.5,10,9,8,9,6,7.5,7.5,"La calidad: de marcha, de materiales, de insonorización, es premium en todos sentidos.,La constante renovación de diseño y funcionalidad, a pesar de que esta generación existe desde 2016.,El ritmo que se puede mantener en carretera, sublime.","A cualquier velocidad y con cualquier modo de manejo elegido, gasta mucha gasolina.,Sólo la versión diésel (la menos vendida) equipa todos los elementos de seguridad de serie, en las demás versiones, es opcional.,La tercera fila de asientos ofrece poco espacio y se sacrifica la capacidad de carga en cajuela, normal en este tipo de vehículos."
,,,,,,,,,,,,,,
Suzuki Vitara ,GLS TA,8.3,7,9,8.5,8,9,7,9,10,7.5,7.5,"Su comportamiento: muy equilibrado.,Buen rendimiento de combustible.,El equipamiento es bastante completo.","Los acabados y ensambles tienen margen de mejora.,No es el SUV más amplio. ,Potencia justa para carretera."
Renault Kwid ,Outsider,7.4,6.5,7.5,7,8,7,6,8,10,6,8,"Muy buen rendimiento de combustible.,Lleva frenos ABS y cuatro airbags en todas sus versiones.,Se siente robusto y apto para la hostilidad urbana.,Hay infotenimiento compatible con Android Auto y Apple CarPlay.","Poco espacio interior.,Potencia justa.,No incluye alarma.,El cinturón de seguridad central es sólo pélvico."
SEAT Ibiza ,Beats,8.3,8,8,9,10,8,8,9,8.5,8,7,"Los detalles al interior le van de maravilla,Cuadro de instrumentos digital,Navegación de serie ,Sistema de audio Beats","No hay cámara de reversa, ni sensores de reversa,No hay opción a caja automática "
BMW X5 ,xDrive50iA M Sport,9.2,10,10,9.5,10,9,10,10,6,10,7.5,"El comportamiento es brillante. No parece pesar más de dos toneladas.,La atención al detalle al interior sorprende.,El V8 empuja con ganas.","No es precisamente ahorrador: 6.5 km/l.,Mucho del equipamiento tecnológico es opcional."
Volkswagen Gol ,10 Años,7.8,8,6,8.5,8,8,8,8,8.5,8,7,"Un nivel admirable de equipamiento de conectividad,Fácil de maniobrar,Cómodo a pesar de su tamaño","Ya hay rechinidos en algunas zonas del interior, aún sin pasar de los 4,000 km en el contador.,Por el precio esperarías control electrónico de estabilidad,Sólo tiene dos bolsas de aire, cuando hay rivales más accesibles con cuatro."
,,,,,,,,,,,,,,
Ford Edge ST ,ST,8.8,8,10,9.5,10,8.5,9,9,6.5,9,8.5,"La respuesta del motor y su buena relación con la transmisión.,Hay mucho equipamiento de confort y seguridad.,Es divertido, pero también cómodo.","El rendimiento de combustible fue de 6.8 km/l en ciudad.,Los acabados cumplen al interior, pero no sorprenden."
Mitsubishi Eclipse Cross ,Limited Red Diamond,8.3,7.5,10,9.5,8,7.5,9,6,8,7.5,9.5,"Muchísimas asistencias de conducción, incluso desde la versión intermedia.,La respuesta del motor turbo es buena.,La relación valor/precio es competente.,Tiene 7 años de garantía.","Poco espacio en la cajuela. ,El interior es muy discreto en comparación con el exterior.,La transmisión CVT acaba con la diversión."
Volkswagen Beetle ,Final Edition,7.8,8,8,8,8,9,7,8,6.5,7.5,7.5,"Detalles retro al interior y exterior,Gran trabajo de chasis, suspensión y dirección,Sistema de audio Fender","Consumos elevados,Motor que se siente viejo,Ya se le nota el paso del tiempo."
Chevrolet Spark ,Premier CVT,7.5,7,8,7,9,8,8,7,8,6,7,"Todos los Spark CVT llevan control electrónico de estabilidad.,Los cuatro airbags son de serie.,Al volante no se siente como un auto barato.,El sistema OnStar es muy útil.","La columna de la dirección no tiene ajuste de altura ni profundidad.,La versión Premier podría ofrecer más equipamiento.,Hay poco espacio en la cajuela."
Chevrolet Blazer 2019 ,RS,8.1,8,9,9,9,8,8,8,6,9,8,"El aspecto moderno, con frente de Camaro.,Es un amplio SUV para cinco pasajeros con su equipaje, muy cómodo.,El hot-spot de wifi para 7 dispositivos simultáneos.","La suspensión es firme al contacto y suave al rebote, causa lancheo cuando hay ondulaciones en el pavimento.,Por la potencia, es fácil que patinen las llantas delanteras, un sistema AWD no le caería mal.,La visibilidad hacia atrás y las esquinas, no hay cámara que anule tantos puntos ciegos."
Toyota Corolla ,SE,8.1,8.5,8.5,8.5,7,8,8,8.5,8,8,8,"La conducción es muy cómoda.,Casi todo el tiempo olvidas que la transmisión es CVT.,Los acabados mejoran mucho respecto al Corolla anterior.","No cuenta con monitor de punto ciego.,Hay pocos espacios para guardar objetos.,Falta compatibilidad con Android Auto. "
Nissan 370Z ,Nismo,8.1,9.5,8,8.5,6,9,10,9,7,7,6.5,"Manejo al estilo retro,Preciso,Nota de motor que enamora,Brutalmente llamativo","Infotenimiento viejo... viejísimo,Precio elevado comparado a otros deportivos"
,,,,,,,,,,,,,,
Chevrolet Volt ,Premier 2019,8.2,8,9,9,8,7,8,7,10,8.5,7.5,"El botón Regen-On-Demand que recarga rápido la batería y permite manejar con un sólo pedal.,La comodidad de marcha y el diseño interior.,Los incentivos que recibe al tratarse de un auto ""verde"".","La confusión que genera su tren motriz, eléctrico de rango extendido no es igual a híbrido.,El tiempo que toma recargar la batería en un enchufe de 120 V es mucho mayor al anunciado por Chevrolet.,Su elevado precio, como sea, es un Chevrolet sedán, más equipamiento y calidad premium le caerían bien."
Honda Civic ,Touring,8.4,8.5,8.5,8.5,9,9,9,7.5,8.5,9,7,"La respuesta del motor turbo, poco retraso.,Buenos acabados al interior.,El manejo equilibra confort con sensaciones deportivas.","Un monitor de punto ciego puede ser más práctico que el sistema LaneWatch.,Precio elevado.,La transmisión CVT ayuda al consumo, pero no al carácter deportivo del auto."
Ram 1500 ,Laramie Sport 4x4 Black Package,8.8,9,9,10,10,10,9,9,5,10,7,"La imagen del paquete Black hace que nos abran paso por dónde sea.,La sensación de lujo, tanto en el interior, como de la marcha.,El poder del HEMI y su capacidad de carga, así como la habilidad en todoterreno.","El consumo es altísimo, ni con la desconexión de cilindros se nota la diferencia.,Que no haya opción con sistema mild-hybrid en México."
,,,,,,,,,,,,,,
,,,,,,,,,,,,,,
Chevrolet Cheyenne ,High Country,8.5,7,10,9,10,7,9,9,5,10,8.5,"El nivel de equipamiento es comparable con un sedán de lujo.,Lleva muchas asistencias de conducción.,Buena capacidad todoterreno.","Una cámara de 360º ayudaría al maniobrar.,La suspensión todavía es algo saltona.,Rinde 5.5 km/l en ciudad."
,,,,,,,,,,,,,,
Audi A8 2019 ,55 TFSI Premium,9.1,10,10,10,10,9,8,9,7.5,9.5,8,"A8 es un escaparate de la mejor tecnología de Audi.,La sensación de lujo.,El consumo reducido por el sistema Mild-Hybrid.","No nos alcanza para uno.,La inseguridad de la CDMX nos provoca una sensación constante de paranoia.,Extrañamos la versión con motor V8, habrá que esperar."
,,,,,,,,,,,,,,
Suzuki Vitara ,Boosterjet All Grip,8.3,7.5,8.5,9,8,8,9,9,8,8,8,"Sus capacidades, si bien no es un Jeep, sí puede ensuciarse más y llegar más lejos que el resto de su segmento.,Nivel de equipamiento,Motor que le inyecta buenas respuestas","A pesar de mejorar en algunas zonas al interior, aún hay plásticos que dejan que desear.,Como todo Suzuki hay varios materiales que vibran"
,,,,,,,,,,,,,,
Acura RDX ,A-Spec,8.6,9,10,8.5,8.5,8,8,9,7,9,8.5,"Los acabados al interior: realmente premium.,Va cargado con muchísimas asistencias de conducción.,Equilibrio entre comodidad y deportividad.","Es fácil disparar el consumo de combustible.,El pedal del freno es esponjoso y de recorrido largo."
,,,,,,,,,,,,,,
Volkswagen Virtus ,Comfortline TA,8.0,7,7,8,8,9,7,8.5,8.5,10,7,"El espacio interior está muy bien aprovechado.,Su manejo es cómodo y refinado.,Buen rendimiento de combustible.","Algunos acabados lucen sencillos.,No lleva bolsas de aire tipo cortina.,El motor queda justo de potencia."
,,,,,,,,,,,,,,
SEAT Tarraco ,Xcellence,8.6,8.5,9,9,9,8,8,7,8.5,10,8.5,"Nivel de equipamiento,Comodidad de marcha,Manejo ágil ","La transmisión aún en modo ""ECO"" estira mucho los cambios,El diseño del interior no es tan propositivo como los demás SEAT de nueva generación."
,,,,,,,,,,,,,,
Toyota Supra ,2020,8.6,8.5,8.5,9,9,9,9,8,6,7.5,,"Es tan divertido como preciso.,Los acabados son muy buenos: un Toyota con sabor a Lexus (¿o BMW?),Las proporciones de su carrocería: un coupé de diccionario.","La transmisión no es tan rápida como una de doble embrague.,Hay margen de mejora en la visibilidad.,Tiene Apple CarPlay, pero no Android Auto."
,,,,,,,,,,,,,,
,,,,,,,,,,,,,,
Renault Kangoo ,Intens Plus,6.7,5,7,6,3,6,8,7,7,10,8,"Buena capacidad de carga,Buen nivel de par a bajas revoluciones para mover la carga,Que tenga ESC","Falta de ajuste de altura,Mucho balanceo de carrocería,Interiores muy rudimentarios, aún para vehículo de trabajo."
,,,,,,,,,,,,,,
Chevrolet Equinox ,Midnight Edition,,7,9,8,10,8,8,7.5,7,9,7.5,"El traje negro le sienta bien.,Los servicios de OnStar son muy completo.,Buen espacio interior.","Hay margen de mejora en los acabados.,Por el precio se echa de menos algo más de equipamiento."
SEAT León ,CUPRA 290,8.9,8.5,9,9,9,9,9,10,8.5,8,9,"Es ágil y preciso.,El rendimiento de combustible es razonable para sus 290 hp.,Buen nivel de conectividad.","Cambiará de generación dentro de poco.,Al interior se empieza a notar el paso del tiempo.,Ya no hay carrocería de tres puertas."
Nissan Versa ,Platinum,8.7,9,10,9.5,8.5,8,8.5,8,9,8,,"Todas las versiones llevan 6 airbags y control de estabilidad.,El tope de gama incluye freno autónomo de emergencia.,Los acabados al interior mejoran mucho.","Ahora es menos espacioso.,El descansabrazos delantero peca de sencillo.,No reemplaza al Versa anterior."
,,,,,,,,,,,,,,
KIA Soul ,LX TM,8.3,7.5,9,8,8,7.5,7,8.5,8,9,10,"No escatima en seguridad para reducir su precio.,El espacio interior se aprovecha bien.,Buen equipamiento en relación con el precio.","Motor justo de potencia.,El consumo de combustible se quedó algo corto considerando que la caja era manual."
,,,,,,,,,,,,,,
,,,,,,,,,,,,,,
,,,,,,,,,,,,,,
Mitsubishi Outlander PHEV ,Limited,8.5,7.5,9,9,8,7.5,10,6,10,9.5,,"Eficiencia, poder recorrer tantos kilómetros en modo eléctrico,Equipamiento de seguridad.,Comodidad.","Suspensión extremadamente suave, se balancea mucho.,La CVT tarda en reaccionar cuando se usa.,Algunos acabados ya se sienten y ven viejos."
,,,,,,,,,,,,,,
SEAT Arona ,Beats,8.0,7.5,8,7,10,9,6.5,8,9,7.5,8,"El cuadro de instrumentos digital facilita la lectura.,Los gráficos del sistema de infotenimiento sobresalen entre sus rivales.,La puesta a punto del chasís: cómodo y estable.","El motor entrega la potencia justa.,Hay mucho plástico rígido en el habitáculo.,Hay poco lugar para piernas en fila trasera."
KIA Stinger ,EX 2.0 turbo,8.6,8.5,9,9,7.5,9.5,9,10,7,8,8.5,"Bien equilibrado entre comodidad y sensación deportiva.,Su apariencia seduce.,El turbo presenta poco retraso.","Poco espacio para cabeza.,No incluye monitor de punto ciego.,Es fácil disparar el consumo de combustible en el tráfico."
Mercedes-Benz C200 ,Convertible,8.0,9,8.5,8,7.5,8.5,8,7.5,8,7,8,"Es un coche para pasear con el toldo abajo.,El equipamiento de serie que antes era opcional.,Se puede obtener un rendimiento de entre 11 y 12 km/l en ciudad sin necesidad del modo ECO.","Para activar CarPlay se necesita bajar una aplicación, te extrañamos, MBUX.,Que no se haya incluido el sistema EQ Boost mild-hybrid al motor 2.0.,La entrega de potencia entre el motor y la caja, parece que se desperdicia."
Honda BR-V ,Prime,7.6,7,6.5,8,7,7,7,7,9,10,8,"El aprovechamiento del espacio interior es muy bueno.,Buen rendimiento de combustible.,Queda un espacio decente de cajuela con la tercera fila arriba.","Sólo lleva dos airbags.,El volante no se ajusta de profundidad ni el asiento de altura.,La dirección retroalimenta poco."
,,,,,,,,,,,,,,
,,,,,,,,,,,,,,
Volkswagen T-Cross ,Highline,8.3,7.5,8,9.5,10,9,6.5,8,8.5,8.5,7,"Hay mucho equipamiento de confort y tecnología.,La conducción es tan cómoda como ágil.,Buen aprovechamiento del espacio interior.","El motor sólo es suficiente para ciudad.,Los plásticos interiores son rígidos y hay algunos ajustes con margen de mejora.,Precio elevado."
Renault Sandero R.S. ,Renault Sport,8.0,7,7,8,8,8.5,8.5,9,9,8.5,7,"La respuesta del motor es muy buena.,El chasís es más deportivo de lo que imaginábamos en principio.,Buen espacio interior.","Los acabados son muy sencillos.,El volante no tiene ajuste de profundidad.,Ya tiene airbags laterales, pero aún faltan los de cortina."
BMW Serie 1 ,118iA Sport Line,8.9,9,8,8,10,9,10,10,8.5,8,8.5,"Buen aislamiento acústico y marcha cómoda.,La respuesta del motor y del chasís es inmediata.,Muy alta percepción de calidad..","Mucho equipamiento (incluidas varias asistencias) es opcional.,Mantiene el carácter divertido, pero aún se extraña la chispa de un tracción trasera."
,,,,,,,,,,,,,,
,,,,,,,,,,,,,,
Dodge Challenger SRT ,Hellcat Widebody Redeye,7.8,8,8,9,10,9,10,9,3,6,9,"""No replacement for displacement"" se aplica aquí, hay muchas maneras de producir potencia, pero pocas como en un HEMI.,No hay necesidad de sonidos artificiales... ruge en todo momento.,Aunque sacrifica la seguridad y el agarre, es increíble la sencillez para perder adherencia con el eje trasero.","Hay pocas situaciones en las que se puede pisar el acelerador a fondo, no es culpa del auto, pero hay reglas que se deben seguir.,Más de cinco metros de largo y la banca trasera es inútil.,El modo Eco debería estar etiquetado como ""Zen"" o ""Wet"", sólo nos permite relajarnos un poco al volante, del consumo, ni hablamos."
,,,,,,,,,,,,,,
,,,,,,,,,,,,,,
KIA Niro ,EX,8.7,8,9,8.5,8,8,9,9,10,8.5,,"Eficiencia ,Comodidad,Equipamiento de conectividad,La llegada de más equipo de seguridad","El precio lo pone cerca de rivales muy difíciles de vencer,Con cubierta de privacidad en la cajuela, el espacio de carga sereduce bastante,El IONIQ comparte mucho con Niro ¿por qué no darle también el freno autónomo de emergencia?"
,,,,,,,,,,,,,,
Porsche Macan ,S,9.1,9.5,9,9,10,10,10,10,7,7.5,8.5,"El comportamiento es digno de un vehículo deportivo.,Su diseño apegado al estilo del 911.,Sus ventas mantienen a los 718 y 911 a flote.","Mucho equipamiento es opcional.,El espacio para cabeza en la banca trasera es un tanto limitado."
KIA Seltos ,GT Line,8.3,8,8,8.5,8.5,8,8,9,7,10,8.5,"El motor es rico en par: empuja bien.,Muy buen espacio interior, incluso para pasajeros altos.,El equipamiento de confort es muy completo.","Hay margen de mejora en los acabados.,Los Seltos EX y EX Pack llevan motor muy pequeño.,No lleva monitor de punto ciego."
,,,,,,,,,,,,,,
,,,,,,,,,,,,,,
Audi A6 ,55 TFSI S-Line,9.2,10,9,9,10,10,10,10,7,9,8,"Su manejo: tan dinámico como sedoso.,El infotenimiento es uno de los más completos del momento.,Acabados exquisitos al interior.","Mucho equipamiento es opcional.,En México sólo hay una configuración mecánica disponible."
,,8.05,"8,9","7,9.5","7.5,9","9,10","8.5,8","7,9","10,7","7.5,7","8,9",,"El motor es rico en par: empuja bien.,Muy buen espacio interior, incluso para pasajeros altos.,El equipamiento de confort es muy completo.,El manejo es preciso y muy comunicativo.,La calidad de los interiores es de muy alto nivel.,El equipamiento es muy completo.","Hay margen de mejora en los acabados.,Los Seltos EX y EX Pack llevan motor muy pequeño.,No lleva monitor de punto ciego.,Poco espacio en las plazas traseras. ,Suspensión un tanto rígida para baches."
,,,,,,,,,,,,,,
Toyota Tacoma ,Edición Especial 4x4,8.0,7,8,8,9,8,8,8,7.5,8.5,7.5,"Es un auténtico vehículo todoterreno.,Buen nivel de equipamiento de confort.,Es relativamente fácil de conducir en ciudad.","No lleva monitor de punto ciego.,Los interiores lucen durables, pero muy rígidos.,No lleva sensor de proximidad delantero."
Honda CR-V ,Touring,8.6,9,9,9,7,9,8.5,8,7.5,10,8.5,"Muchísimo espacio y varias soluciones de versatilidad.,El manejo: ágil y cómodo a partes iguales.,La cabina es sencilla, pero bien terminada.","El sistema de infotenimiento empieza a sentirse obsoleto.,LaneWatch puede ser útil, pero no mejor que un monitor de punto ciego común.,La transmisión CVT no tiene modo manual."
,,,,,,,,,,,,,,
,,,,,,,,,,,,,,
,,,,,,,,,,,,,,
,,,,,,,,,,,,,,
SEAT León ,CUPRA Special Edition,8.9,8.5,9,9,9,9.5,9,10,8,8,9,"Detalles en color cobre y fibra de carbono,Precio razonable para todo el desempeño y equipo que lleva,Manejo sumamente divertido","El interior ya se siente algo viejo,No hay alerta de punto ciego,No hubo versión de 3 puertas"
Renault Stepway ,Intens CVT,7.8,7,7,8,8,7,8.5,7.5,8,8.5,8,"Buen espacio interior y cajuela amplia.,Sensación de robustez: se nota pensado para asfalto en mal estado.,Todas las versiones incluyen control de estabilidad.","Los acabados la interior son sencillos.,Hay margen de mejora en ergonomía.,La transmisión CVT no tiene modo de sobremarcha."
Mazda CX-30 ,i Grand Touring,8.7,9.5,9,9,9,9,9,8.5,8,7,9,"La selección de materiales en la cabina es espectacular.,La puesta a punto del chasís: un equilibrio entre confort y agilidad.,El aislamiento es bueno: pocos ruidos y vibraciones.","Poco espacio en la parte trasera, sobre todo en la plaza central.,No hay puertos USB de carga en la segunda fila.,El consumo se eleva con facilidad en tráfico pesado."
,,,,,,,,,,,,,,
,,,,,,,,,,,,,,
,,8.8,"9,9","9,9","9,8","9,8","8.5,8","9,8.5","10,9","8,8","8.5,8",,"Muchísimo espacio interior y buenas soluciones de versatilidad.,El manejo es cómodo y ágil.,La cabina es sencilla, pero está bien terminada.,Su conducción es muy cómoda.,Ofrece distintos programas todoterreno.,Hay opción a una versión híbrida.","El sistema de infotenimiento se siente obsoleto.,LaneWatch puede ser útil, pero no mejor que un monitor de punto ciego común.,La transmisión CVT no tiene modo manual.,No incluye monitor de punto ciego ni sensores de proximidad.,El infotenimiento no es compatible con Android Auto.,La dirección se siente muy asistida."
Toyota Highlander ,Limited PR,8.9,8.5,10,10,9,8,9,10,6,10,8.5,"A tope de asistencias de conducción, incluso desde la versión base.,El espacio interior está muy bien aprovechado.,Queda buen lugar de cajuela con la tercera fila de asientos arriba.","El consumo de gasolina, como en cualquier SUV de tres filas, es alto.,El sonido del asistente de estacionamiento puede ser molesto.,No hay una variante híbrida (por ahora)."
,,,9,6,7,8,9,6,7,8,7,6,"Diversión offroad,Suspensiones efectivas,Aspecto imponente,Dirección informativa","Frenos esponjosos,Motor un tanto perezoso,Consumo elevado,Caja de cambios lenta"
JAC Sei 7 ,Limited,7.8,7.5,8,10,8,6.5,7,7,7,9,8,"Muy buen nivel de equipamiento.,Incluye asistencias de conducción en pro de la seguridad.,Aprovecha bien el espacio interior.","Mucho retraso en la entrada del turbo.,Manejo poco comunicativo.,La tercera fila queda justa en espacio."
Audi Q2 ,40 TFSI S-Line Quattro,8.5,9,9,9,8,9,9,10,8,6.5,7,"El diseño es distinto al resto de los SUV de Audi.,El motor 2.0 TFSI le sienta bien.,Muy buen nivel de equipamiento.","El espacio interior es algo justo.,Es costoso, incluso comparado con un Q3.,Las opciones online de infotenimiento son opcionales."
Range Rover Evoque ,P300 First Edition,8.9,9.5,10,10,10,8.5,8.5,10,8,8,6.5,"El diseño es vanguardista.,Buenos acabados interiores, sensación hi-tech.,Alto nivel de equipamiento.","Su gama de precios es alta.,Aún se siente algo de retraso en la entrada del turbo."
KIA Stinger ,GT V6,8.7,8.5,10,10,7,9,10,9,7,8,8.5,"La potencia del motor, de lo mejor a ese precio.,El diseño es imponente, y en naranja llama la atención.,Ya incluye asistencias de conducción.","Poco espacio para cabeza en la banca trasera.,Es fácil disparar el consumo en el tráfico.,El sistema de infotenimiento es muy sencillo."
,,,,,,,,,,,,,,
,,7,8,7,7,6,8,8,8,8,7,8,"Comportamiento dinámico,Cambio manual suave,Mega Box en la cajuela","Suspensiones demasiado firmes en ciudad,Habitabilidad trasera algo justa"
KIA Seltos ,EX Pack,8.3,8,9,8.5,8.5,8,6,8,8,10,8.5,"Muy buen espacio interior, incluso para personas altas.,La suspensión sigue siendo cómoda en asfalto maltratado.,Buen equipamiento de confort.","El motor le queda justo en potencia.,Hay mucho plástico rígido al interior.,No hay espejo en la visera del conductor."
,,,,,,,,,,,,,,
,,9.3,9.5,10,9.5,10,9,10,8.5,10,8,,"Hay tecnología por doquier, y toda es de serie.,Pronto podrá equiparse con cámaras en lugar de espejos laterales.,El motor se mueve con prisa.","Su tamaño complica encontrar dónde estacionarse. Pronto habrá EV más pequeños en Audi.,No incluye cámara frontal o de 360º."
CUPRA Ateca ,CUPRA,9.1,8,10,10,9,10,10,10,8,7,8.5,"El comportamiento es muy neutral, va más como hatchback que como SUV.,Su nivel de equipamiento es altísimo.,No llega a ser incómodo en ciudad.","Algunos plásticos no lucen como de un SUV de $700,000.,El espacio en la segunda fila es correcto, pero no abundante.,Su facelift llega para el siguiente año-modelo."
,,,,,,,,,,,,,,
Suzuki Ignis ,GLX CVT,8.3,8.5,6,8.5,10,8,8,7.5,10,8,8,"El rendimiento de combustible es muy bueno.,La calidad de marcha está por encima de la mayoría de los urbanos.,Mucha personalidad en diseño exterior e interior.","No lleva control electrónico de estabilidad y sólo tiene dos airbags.,Los seguros son eléctricos, pero no automáticos.,El volante tiene ajuste de altura, pero no de profundidad."
,,7.1,7,5,7.5,7,7,10,10,6,5,,"La autonomía prometida es muy cercana a la realidad, y es buena.,Lejos de ser lento, puede llegar a ser ágil.,Su conducción es ideal para ciudad.","El precio es alto.,El equipo de seguridad se queda en lo básico.,La interfaz de infotenimiento es lenta."
Mazda 2 Sedán ,i Grand Touring 2021,8.1,9.0,8.5,8.0,7.5,8,8,8,8.5,7,8,"Percepción de calidad,Lleva hasta asientos calefactables,Mucha comodidad y manejo suave","En general es algo reducido el espacio,Algunos detalles ya dejan ver el paso del tiempo,El Nissan Versa más equipado no está tan lejos de su precio"
Mazda 3 Hatchback ,iGrand Touring,8.8,9,8.5,8.5,9,9.5,9,10,8,8,9,"El manejo es muy equilibrado, se siente bien plantado y responde de maravilla,La percepción de calidad, los materiales y en general el diseño interior,Sistema de audio, como ninguno en el segmento,Un precio adecuado por lo que te llevas","A veces la visibilidad hacía atrás no es la mejor,Hay algunos elementos de equipo de comodidad que se extrañan,No es el más eficiente del segmento,Los acabados en negro brillante al interior se maltratarán rápido y fácil."
KIA Soul ,EX Pack,8.3,8,8,9,8.5,8,8,9,7.5,8.5,8,"El nivel de equipo por precio comparado con rivales también en el acabado más caro.,El espacio en cabina,Un manejo sin tanto balanceo y buen aplomo","No hay segunda fila deslizable,Faltó la alerta de punto ciego"
,,,,,,,,,,,,,,
,,7.89,"8.6,8.8,8.8,9.4,8.9,9.8,9.1","6.1,7.3,8.0,6.8,8.4,8.8,9.6","7.0,7.5,8.0,8.0,10,8.5,8.5","7.5,8.0,9.5,9.0,7.7,8.8,8.6","8.2,7.8,8.5,8.8,8.3,7.6,9.3","8.2,7.6,6.6,8.5,7.2,7.0,7.1","8.4,8.2,8.4,7.9,8.2,7.1,7.1","8.1,8.2,8.7,8.4,8.8,10,8.8",,,"Incluye sistema de navegación nativo.,Su manejo es extremadamente cómodo.,El rendimiento de combustible es bueno.,Es un Corolla: confiabilidad y durabilidad demostradas.,La suspensión es de las más cómodas de la categoría.,Buena relación potencia/consumo.,Es, con diferencia, el más divertido de manejar.,El equipamiento es muy completo.,Ofrece 7 años de garantía, la mejor del mercado.,Su rendimiento de combustible fue el mejor de los siete.,El interior es sumamente práctico.,Es tan cómodo, como divertido de conducir.,Incluye asistencias de conducción inéditas en la categoría.,Los asientos son de los más cómodos del segmento.,El nivel de equipamiento es muy completo.,Su relación valor/precio es imbatible.,Su manejo es suave, preciso y divertido.,Tiene el interior más sofisticado de la categoría.,Es el compacto más equipado de la categoría.,Buen espacio interior y de cajuela.,El costo de mantenimiento es el más bajo de los siete.","El motor desarrolla sólo la potencia justa.,Su nueva generación ya se presentó.,Su mantenimiento es el más caro de los siete.,Es el único que no lleva monitor de punto ciego.,Hay poco espacio para cabeza en la banca trasera.,El equipamiento tiene margen de mejora.,El consumo de combustible es el más alto de los siete.,Algunos acabados al interior pueden mejorar.,Sólo el vidrio del conductor es de un toque.,Lane Watch no reemplaza por completo a un monitor de punto ciego.,Hay margen de mejora en su equipamiento.,El infotenimiento empieza a verse viejo y puede ser lento.,El motor queda justo de potencia.,La transmisión CVT no es la más refinada.,Algunos acabados interiores pueden mejorar.,Poco espacio en la banca trasera. ,Su costo de mantenimiento es de los más altos.,El precio del seguro está encima de la media.,Es, con diferencia, el más caro.,El túnel central limita la comodidad del asiento trasero de en medio.,Se siente ""ahogado"" en arranques: el turbolag está MUY presente."
Chevrolet Tracker ,Premier,8.8,7.5,10,9.5,10,7,9,8,9,8,10,"Altísimo nivel de seguridad con asistencias de conducción únicas en la categoría.,El motor gusta por su agilidad.,El equipamiento de confort y conveniencia es muy completo.","Hay margen de mejora en los ensambles.,Tiende a rolar con facilidad.,El reposapiés es pequeño y no muy cómodo."
Lincoln Corsair ,Reserve 2.3 L,8.7,8,10,10,8,7.5,10,10,6,9,8.5,"Perfectamente aislado de ruidos y vibraciones.,El equipamiento de serie es completísimo.,La respuesta del motor es sobresaliente.","Hay margen de mejora en algunos acabados.,El consumo de combustible es alto."
Audi Q3 ,S Line 35 TFSI,8.9,9.5,8.5,8.5,9,9.5,9,9,9,9,8,"Nivel de personalización.,Espacio interior,Manejo cómodo, pero también directo.","Casi todo el equipo que más lo haría destacar es opcional.,No hay puertos USB en la parte trasera."
,,,,,,,,,,,,,,
,,,,,,,,,,,,,,
Ford Mustang ,Shelby GT500,8.1,8,9,9,10,9,10,10,3,5,7.5,"Un deportivo muy capaz en pista,El sonido del motor eriza la piel,Su aceleración es cardíaca","El Carbon Fiber Track Package no está disponible,Los asientos traseros casi son de adorno,¿Se vale decir alto consumo de combustible?"
Mercedes-Benz Clase A Sedán ,A 200 Sport,8.9,9,9,9,10,9,9,10,9,7,8,"MBUX es el sistema de infotenimiento más avanzado del momento.,Mucho del equipamiento se incluye de serie.,En la cabina se respira calidad y tecnología.,Incluye alerta de colisión frontal y estacionamiento automatizado.","Las plazas traseras son algo reducidas.,Es considerablemente más costoso que el hatchback.,No lleva monitor de punto ciego."
,,,,,,,,,,,,,,
Honda Civic Coupe 2020 ,Sport Plus,8.0,8,8,8,7,8.5,9,8,9,6.5,8,"Un manejo que se disfruta aún sin tener preparación deportiva.,Consumos buenos si se es cuidadoso con el pie derecho.,Que haya mantenido vivo al segmento durante varios años.","La caja CVT a veces contrarresta el buen trabajo del motor y chasis.,Ciertos elementos de equipo ya dejan ver claramente el paso del tiempo."
BMW i8 ,Ultimate Sophisto,8.9,10,9,9,9,10,10,10,10,4,7.5,"El diseño es simplemente espectacular.,Emplea técnicas de producción y materiales muy avanzados.,Es un auto tan divertido como eficiente.","La suspensión es extremadamente rígida.,Hay poco lugar de cajuela o para colocar objetos personales.,El capricho de diseño pasa su factura en la visibilidad limitada."
,,,,,,,,,,,,,,
,,,,,,,,,,,,,,
,,8.39,"8.2,8.6","8.4,8.2","10,7.5","7.2,8.6","8.6,7.0","7.9,8.5","7.8,7.8","7.9,7.5","9.5,8.3",,"Es el único B-SUV con freno autónomo de emergencia.,La respuesta del motor turbo es muy buena.,Los servicios de OnStar aportan mucho en el día a día.,Se mueve con aplomo. Su manejo transmite confianza.,Buen lugar para piernas y para cabeza.,El sistema de infotenimiento es muy completo.","Conducción anestesiada y suspensión con tendencia a lanchear.,Hay aspectos de ergonomía por mejorar.,Algunos ensambles tienen margen de mejora.,El motor le queda apretado.,El volumen de la cajuela no está bien aprovechado.,No hay monitor de punto ciego ni alerta de colisión frontal."
,,,,,,,,,,,,,,
Hyundai Grand i10 ,NS,7.6,7,5,7.5,8,7,8,8,10,8,7,"Es muy fácil obtener buen consumo de gasolina.,Espacio interior bien aprovechado.,La suspensión es cómoda para ciudad.","Las bocinas tienen una calidad de sonido básica.,El cinturón de seguridad central trasero es pélvico.,Sólo incluye airbags frontales y no lleva ESC."
Mitsubishi Mirage G4 ,GLS CVT,8.0,6,7,7.5,9,7,8,7,10,10,8,"Espacio interior por encima de la media.,Es muy fácil obtener un buen consumo, incluso con caja automática.,Cuenta con control electrónico de estabildad.","Acabados muy sencillos al interior.,Se extrañan airbags laterales.,Los precios del GLS se acercan a sedanes de categoría superior."
Audi Q3 Sportback ,Select 35 TFSI,8.6,9.5,8,8,8,9.5,9,9,9,8,7.5,"Un buen manejo, cómodo y bien plantado en todo momento.,Calidad de ensambles en general.","Hay elementos de seguridad que ya deberían ser de serie y no opcionales como la cámara de reversa al menos.,La caída del techo limita el espacio a lo alto en la segunda fila de asientos."
Mazda MX-5 ,Roadster iSport,8.3,10,7,8,7.5,10,10,10,8,4,8,"Manejo puro, directo y divertido.,El nuevo motor hace buen trabajo y era lo que necesitaba.,Ser convertible.,Un consumo decente aún teniendo en cuenta su enfoque.","Por mucho no es un coche práctico, pero es algo común en este tipo de autos.,Ser tan bajo hace que en las noches, los autos que vienen detrás de ti te deslumbren más de lo normal.,No hay Apple CarPlay ni Android Auto.,No hay cámara de reversa, ni algunos asistentes y alertas de seguridad que sí en otros países."
Toyota Sienna ,Limited,8.3,8,8,9,9,8,7.5,9,6,10,8,"El espacio interior. Nada como una miniván.,Hay buen nivel de equipamiento de entretenimiento para viajes largos.,Es muy cómoda.","No hay sensor de proximidad delantero o cámara de visión de 360º.,Una dosis extra de asistencias de conducción no le sentarían mal.,El rendimiento de combustible es bajo."
Alfa Romeo Stelvio ,Ti,7.8,9,8,9,7,9,8,8,7,6,7,"El diseño es elegante y deportivo con toque italiano.,La tracción es trasera hasta que se necesita apoyo del eje delantero.,Exclusividad, hay pocos Stelvio en la calle.","La transmisión jalonea a baja velocidad todo el tiempo.,Con pocos kilómetros en el odómetro, presenta rechinidos en el interior.,La competencia contra otros SUV premium opacan su excelente desempeño por viejas historias de poca confiabilidad."
Hyundai Sonata ,Sport 2.0 T,8.8,8,8.5,8.5,8.5,9,9,8.5,8.5,10,9.5,"Respuesta del motor.,Precio respecto a equipamiento y competencia.,Espacio interior y comodidad","Sistema de audio.,La percepción de calidad de algunos materiales"
,,,,,,,,,,,,,,
,,,,,,,,,,,,,,
,,,,,,,,,,,,,,
Renault Koleos ,Minuit,8.3,8.5,8,9,8,8,8,7.5,8,10,8,"Diseño, simplemente atractivo.,Espacio interior abundante.,Percepción de calidad interior.","El manejo no es el más divertido que hayamos experimentado.,La orientación de la pantalla hace que se desaprovechen varias funciones.,La protección de los espejos quita mucha visibilidad."
,,,,,,,,,,,,,,
,,8,8,7,7,8,8,9,9,10,8,7,"Comportamiento dinámico,Sonoridad escapes,Motricidad,Guiado cambio manual","Precio,Peso"
,,,,,,,,,,,,,,
Honda Insight ,Insight,9.1,9,10,9,10,8,8,10,9,8.5,9,"Hay muy buenos acabados al interior.,Cuenta con todas las asistencias de conducción de última generación.,El rendimiento de combustible, muy bueno.,Es bastante cómodo.","Roza en algunos topes.,No hay espejo retrovisor electrocromático. ,La autonomía en modo eléctrico es de hasta 1.5 kilómetros.,No hay versiones más accesibles."
,,,,,,,,,,,,,,
,,,,,,,,,,,,,,
,,,,,,,,,,,,,,
GMC Acadia 2019 ,All Terrain,8.4,7.5,8.5,9,9,8,9,7,7,8.5,8.5,"La potencia del motor es sobresaliente.,Que se pueda desconectar el eje trasero para consumir menos gasolina en situaciones citadinas.,La transformación al activar el modo 4x4 (electrónico).","La desaparición de la versión SLT, hay quienes no buscan que su SUV familiar sea todoterreno.,El espacio de la tercera fila es reducido, sólo para niños.,La dirección es demasiado lenta y empaña el buen desempeño del chasis y el motor."
,,,,,,,,,,,,,,
Infiniti QX80 ,7 pasajeros,7.6,8,9,10,8,8,4,9,5,8,7,"La comodidad y el espacio interior son destacables, se cuela poco el ruido y los sillones son mejores que algunos de casa.,El equipo de sonido, video y reproducción de consolas externas es ideal para viajes muy largos.,Todo es eléctrico: el portón, la tercera fila de asientos, ciertos movimientos de la segunda... cero calorías quemadas.","Gasta demasiada gasolina sin importar el estilo de manejo, a todo régimen va dando tragos cual universitario a su cerveza.,El espacio de la cajuela detrás de la tercera fila es menor que en hatchbacks compactos, es forzoso el uso de accesorios exteriores para equipaje.,Sin Apple CarPlay ni Android Auto, urge actualizar el sistema de infoentretenimiento de Nissan/Infiniti"
,,,,,,,,,,,,,,
,,9.0,9,9,9,8.5,8,10,10,9,9,8,"La calidad de marcha. Un sedán muy cómodo.,Buen nivel de equipamiento.,18 km/l en ciudad en un sedán de 4.88 metros.","Espacio para cabeza justo en las plazas traseras.,No es barato."
