marca,modelo,año,versión,1,2,3,4,5,6,7,8,9,10,11,12,13,14,15,16,17,18,19,20,21,22,23,24,25,26,27,28,29,30,31,32,33,34,35,36,37,38,39,40,41,42,43,44,45,46,47,48,49,50,51,52,53,54,55,56,57,58,59,60,61,62,63,64,65,66,67,68,69,70,71,72,73,74,75,76,77,78,79,80,81,82,83,84,85,86,87,88,89,90,91,92,93,94,95,96,97,98,99,100,101,102,103,104,105,106,107,108,109,110,111,112,113
NISSAN,370Z,2020,TOURING TM,,,,,,1,,,,1,,,,1,,1,,,,,,,1,,,1,,1,,,1,,,1,,,1,,,,,,,1,,1,,1,1,,,1,,,1,,,,1,1,1,,1,,,,1,,1,1,,1,1,1,,1,1,1,1,1,,,,,1,1,,1,,,1,,,1,,,,1,,,1,1,,,1,1,,1,1,,,,1
NISSAN,370Z,2020,TOURING TA,,,,,,1,,,,1,,,,1,,1,,,,,,,1,,,1,,1,,,1,,,1,,,,1,,,,,,1,,1,,1,1,,,1,,,1,,,,1,1,1,,1,,,,1,,1,1,,1,1,1,,1,1,1,1,1,,,,,1,1,,1,,,1,,,1,,,,1,,,1,1,,,1,1,,1,1,,,,1
NISSAN,ALTIMA,2020,SR,1,,,,,,,,1,,,,1,,,1,,,,,1,,,,1,,,,,1,,,1,,,1,,,1,,,,,1,,1,,1,1,,,1,,,,1,,1,,1,,,,1,,1,1,,1,1,,,1,,1,1,,1,1,,1,,,1,,,1,1,,,,1,1,1,,,,1,,1,1,1,1,1,1,1,,,1,,,,1
NISSAN,ALTIMA,2020,ADVANCE,1,,,,,,,,1,,,,1,,,1,,,,,1,,,,1,,,,,1,,,1,,,1,,,1,,,,,1,,1,,1,,1,,1,1,1,,1,,,1,1,,,,1,,1,1,,1,1,,1,1,,1,,1,1,1,1,1,,,,1,1,1,1,1,1,,1,1,1,1,1,1,,1,1,1,1,1,1,1,1,1,,1,,,,1
NISSAN,ALTIMA,2020,EXCLUSIVE,1,,,,,,,,1,,,,1,,,1,,,,,,1,,,,1,,,,1,,,1,,1,,,,1,,,,,1,,1,,1,1,,,1,1,1,,1,,,1,1,,,,1,,1,1,,1,1,,1,1,,1,,1,1,1,1,1,,,,1,1,1,1,1,1,,1,1,1,1,1,1,,1,1,1,1,1,1,1,1,1,,1,,,,1
NISSAN,MARCH,2020,SENSE TM,,,,1,,,,1,,,,,1,,,1,,,,1,,,,1,,,,,1,,,,1,,1,,1,,,,,,1,,1,,,1,,1,1,,,,,1,,1,,,,,1,,,,,1,,,1,,1,,,1,,1,1,,,,1,,,,,1,,,1,,,,,,,,,,1,,1,,,,,1,1,1,,,
NISSAN,MARCH,2020,SENSE TA,,,,1,,,,1,,,,,1,,,1,,,,1,,,,1,,,,,1,,,,1,,1,,,1,,,,,1,,1,,,1,,1,1,,,,,1,,1,,,,,1,,,,,1,,,1,,1,,,1,,1,1,,,,1,,,,,1,,,1,,,,,,,,,,1,,1,,,,,1,1,1,,,
NISSAN,MARCH,2020,ADVANCE TM,,,,1,,,,1,,,,,1,,,1,,,,1,,,,1,,,,,1,,,,1,,1,,1,,,,,,1,,1,,,1,,1,,1,1,,,1,,1,,,,,1,,,,,1,,1,1,1,1,,,1,,1,1,,1,,,,,,1,1,,,1,,,,,,,,,,1,,1,,,,,1,1,1,,,
NISSAN,MARCH,2020,ADVANCE TA,,,,1,,,,1,,,,,1,,,1,,,,1,,,,1,,,,,1,,,,1,,1,,,1,,,,,1,,1,,,1,,1,,1,1,,,1,,1,,,,,1,,,,,1,,1,1,1,1,,,1,,1,1,,1,,,,,,1,1,,,1,,,,,,,,,,1,,1,,,,,1,1,1,,,
NISSAN,MARCH,2020,EXCLUSIVE TA,,,,1,,,,1,,,,,1,,,1,,,,1,,,,1,,,,,1,,,,1,,1,,,1,,,,,1,,1,,,1,,1,,1,1,,,1,,1,,1,,,1,,,,,1,1,1,1,1,1,,,1,,1,1,,1,,,,,,1,1,,,1,,,1,,,,,,,1,,1,,,,,1,1,,1,,
NISSAN,MARCH,2020,SR TM,,,,1,,,,1,,,,,1,,,1,,,,1,,,,1,,,,,1,,,,1,,1,,1,,,,,,1,,1,,,1,1,,,1,1,,,1,,1,,1,1,,1,,,,,1,1,1,1,1,1,,,1,,1,1,,1,,,,,,1,1,,,1,,,1,,,,,,,1,,1,,,,,1,1,,1,,
NISSAN,KICKS,2020,SENSE TM,,,1,,,,,1,,,,,1,,,1,,,,,1,,,1,,,,,,1,,,1,,,1,1,,,,,,1,,1,,,1,,1,,1,,,,1,,1,,,,,,1,,,,,1,1,1,1,1,1,,1,,1,1,,,,,1,,,,1,,1,,1,,1,,,,,,,1,,1,1,,1,1,1,1,,1,,
NISSAN,KICKS,2020,ADVANCE CVT,,,1,,,,,1,,,,,1,,,1,,,,,1,,,1,,,,,,1,,,1,,,1,,,1,,,,1,,1,,,1,1,,,1,1,,,1,,1,,1,,,,1,,,,,1,1,1,1,1,1,1,1,,1,1,,,,,1,,,,1,,1,,1,1,1,,,,,,1,1,,1,1,,1,1,1,1,,1,,
NISSAN,KICKS,2020,EXCLUSIVE CVT,,,1,,,,,1,,,,,1,,,1,,,,,1,,,1,,,,,,1,,,1,,,1,,,1,,,,1,,1,,,1,1,,,1,1,1,,1,,,1,1,1,,,1,,,,,1,1,1,1,1,1,1,,1,1,1,1,1,,,1,,,,1,,1,,1,1,1,,,,,,1,1,1,1,1,,1,1,1,1,,,1,
NISSAN,MURANO,2020,EXCLUSIVE AWD,,,1,,,,,,,1,,,,1,,1,,,,,,1,,,,1,,,1,,,1,,,1,,,,1,,1,,,1,,1,,1,1,,,1,1,1,,1,,,1,1,1,,,1,1,,1,,1,1,1,1,1,,1,1,,1,1,1,,,,,1,1,1,1,1,1,,1,1,1,1,1,1,,1,,1,1,1,1,1,1,1,1,1,,,,1
NISSAN,ARMADA,2020,EXCLUSIVE 4 WD,,,1,,,,,,,,1,,,,,1,,,,,,,1,,,,1,1,,,1,,,1,,,1,1,,,,1,,1,,1,,1,1,,,1,1,1,,,1,,1,1,1,,,1,,1,1,,1,1,1,1,1,1,1,,1,1,1,1,,1,,,1,1,,,,1,1,1,1,1,1,1,1,,1,,1,1,,1,1,1,1,1,1,,,,1
NISSAN,FRONTIER,2020,PRO-4X 4X2,,1,,,,,,,,1,,,,1,,1,,,,,,1,,,,1,,1,,,1,,,1,,,,1,,,,,1,,,1,1,,,1,,1,1,,,1,,1,,1,1,,,,1,,1,,,1,1,1,1,,1,1,,1,1,1,,,,,1,1,,1,,1,,,,1,,,,1,,1,1,1,1,,1,1,,1,1,,,,1
NISSAN,FRONTIER,2020,PRO-4X 4X4,,1,,,,,,,,1,,,,1,,1,,,,,,1,,,,1,,1,,,1,,,1,,,,1,,,,,1,,,1,1,,,1,,1,1,,,1,,1,,1,1,,,,1,,1,,,1,1,1,1,,1,1,,1,1,1,,,,,1,1,,1,,1,,1,,1,,,,1,,1,1,1,1,,1,1,,1,1,,,,1
NISSAN,PATHFINDER,2020,SENSE,,,1,,,,,,,1,,,,1,,1,,,,,,1,,,,1,,,1,,,1,,1,,,,,1,,,,,1,,1,,1,,1,,1,,,,,1,1,,1,1,,,1,,1,,1,1,1,1,1,1,1,1,,1,1,1,,,,,1,,,,,,1,1,1,1,1,,,,,,1,1,1,1,1,1,1,,1,1,,,,1
NISSAN,PATHFINDER,2020,ADVANCE,,,1,,,,,,,1,,,,1,,1,,,,,,1,,,,1,,,1,,,1,,1,,,,,1,,,,,1,,1,,1,,1,,1,1,,,,1,,1,1,1,,,1,,1,,1,1,1,1,1,1,1,1,,1,1,1,1,,,,,1,1,,,,1,1,1,1,1,,,,,,1,1,1,1,1,1,1,,1,1,,,,1
NISSAN,PATHFINDER,2020,EXCLUSIVE,,,1,,,,,,,1,,,,1,,1,,,,,,1,,,,1,,,1,,,1,,1,,,,,1,,,,,1,,1,,1,1,,,1,1,,,,1,,1,1,1,,,1,,1,,1,1,1,1,1,1,1,1,,1,1,1,1,,,,,1,1,,,,1,1,1,1,1,1,1,1,,1,1,1,1,1,1,1,1,1,1,1,,,,1
NISSAN,PATHFINDER,2020,EXCLUSIVE 4WD,,,1,,,,,,,1,,,,1,,1,,,,,,1,,,,1,,,1,,,1,,1,,,,,1,,,1,,1,,1,,1,1,,,1,1,,,,1,,1,1,1,,,1,,1,,1,1,1,1,1,1,1,1,,1,1,1,1,,,,,1,1,,,,1,1,1,1,1,1,1,1,,1,1,1,1,1,1,1,1,1,1,1,,,,1
NISSAN ,SENTRA,2020,SENSE TM,1,,,,,,,,1,,,,1,,,1,,,,,1,,,,1,,,,1,,,,1,,1,,1,,,,,,,1,,1,,1,,1,,1,1,,,1,,1,,,,,,1,,1,1,,,1,1,,1,,1,1,,1,,,,,,1,,,,1,,1,,1,1,,,,,,,,1,1,1,1,1,1,,1,1,,1,,
NISSAN ,SENTRA,2020,SENSE CVT,1,,,,,,,,1,,,,1,,,1,,,,,1,,,,1,,,,,1,,,1,,,1,,,1,,,,,1,,1,,1,,1,,1,1,,,1,,1,,,,,,1,,1,1,,,1,1,,1,,1,1,,1,,,,,,1,,,,1,,1,,1,1,,,,,,,,1,1,1,1,1,1,,1,1,,1,,
NISSAN ,SENTRA,2020,ADVANCE TM,1,,,,,,,,1,,,,1,,,1,,,,,1,,,,1,,,,1,,,,1,,1,,1,,,,,,,1,,1,,1,,1,,1,1,1,,1,,1,,1,1,,,1,,1,1,,,1,1,,1,,1,1,,1,,1,1,,,1,,,1,1,,1,,1,1,1,,,,1,,1,1,1,1,1,1,1,,1,1,,,1,
NISSAN ,SENTRA,2020,ADVANCE CVT,1,,,,,,,,1,,,,1,,,1,,,,,1,,,,1,,,,,1,,,1,,,1,,,1,,,,,1,,1,,1,,1,,1,1,1,,1,,1,,1,1,,,1,,1,1,,,1,1,,1,,1,1,,1,,1,1,,,1,,,1,1,,1,,1,1,1,,,,1,,1,1,1,1,1,1,1,,1,1,,,1,
NISSAN ,SENTRA,2020,SR TM,1,,,,,,,,1,,,,1,,,1,,,,,1,,,,1,,,,1,,,,1,,1,,1,,,,,,,1,,1,,1,1,,,1,1,,,1,,1,,1,1,,,1,,1,1,,,1,1,,1,,1,1,,1,,1,1,,,,1,1,1,1,,1,,1,1,,,,1,1,,1,1,1,1,1,1,1,,1,1,,,1,
NISSAN ,SENTRA,2020,SR CVT,1,,,,,,,,1,,,,1,,,1,,,,,1,,,,1,,,,,1,,,1,,,1,,,1,,,,,1,,1,,1,1,,,1,1,,,1,,1,,1,1,,,1,,1,1,,,1,1,,1,,1,1,,1,1,1,1,,,,1,1,1,1,,1,,1,1,,,,1,1,,1,1,1,1,1,1,1,,1,1,,,1,
NISSAN ,SENTRA,2020,EXCLUSIVE CVT,1,,,,,,,,1,,,,1,,,1,,,,,1,,,,1,,,,,1,,,1,,,1,,,1,,,,,1,,1,,1,1,,,1,1,1,,1,,,1,1,1,,,1,,1,1,,,1,1,1,1,,1,,1,1,1,1,1,,,,1,1,1,1,,1,,1,1,,1,1,1,1,1,1,1,1,1,1,1,1,1,1,1,,,1,
NISSAN ,GT-R,2020,GT-R PREMIUM,,,,,,1,,,,1,,,,1,,1,,,,,,,1,,,,1,1,,,1,,,1,,,,1,,,1,,,1,,1,,1,1,,,1,,,,1,,,1,1,1,,1,,,,,,1,1,1,,,,,,1,,1,1,,,,,1,1,,1,,,,1,1,1,,,,1,,1,1,1,,,1,1,,,,,,,1
NISSAN ,JUKE,2020,SENSE CVT,,,1,,,,,1,,,,,1,,,1,,,,,1,,,,1,,,1,,,,1,,,1,,,,1,,,,1,,,1,,1,1,,,1,,1,,1,,1,,,,,1,,,,1,,,1,1,1,1,,,1,,1,,,,,,1,,,1,,,1,1,,,,,,,,,,1,,1,1,,1,,1,1,,1,,
NISSAN ,JUKE,2020,ADVANCE CVT,,,1,,,,,1,,,,,1,,,1,,,,,1,,,,1,,,1,,,,1,,,1,,,,1,,,,1,,,1,,1,1,,,1,,1,,1,,,1,1,1,,1,,,,1,,,1,1,1,,1,,1,,1,1,,,,,1,,,1,1,,1,1,,,1,,,,1,,1,1,1,1,1,,1,,1,1,,1,,
NISSAN ,JUKE,2020,EXCLUSIVE MT TURBO,,,1,,,,,1,,,,,1,,,1,,,,,1,,,,,1,,1,,,,1,,,1,,1,,,,,,1,,,1,,1,1,,,1,,1,,1,,,1,1,1,,1,,,,1,,1,1,1,1,,1,,1,,1,1,,,,,1,,,1,1,,1,1,,,1,,,,1,,1,1,1,1,1,,1,,1,1,,1,,
NISSAN ,JUKE,2020,EXCLUSIVE CVT TURBO AWD,,,1,,,,,1,,,,,1,,,1,,,,,1,,,,,1,,1,,,,1,,,1,,,,1,,1,,1,,,1,,1,1,,,1,,1,,1,,,1,1,1,,1,,,,1,,1,1,1,1,,1,,1,,1,1,,,,,1,,,1,1,,1,1,,,1,,,,1,,1,1,1,1,1,,1,,1,1,,1,,
NISSAN ,NOTE,2020,SENSE MT,,,,1,,,,1,,,,,1,,,1,,,,1,,,,,1,,,1,,,,1,,,1,,1,,,,,,1,,1,,,1,,1,,1,,1,,1,,1,,,,,1,,,,1,,1,1,1,1,1,,1,1,,1,,,,,1,,,,1,1,,1,1,,,,,,,,,,1,,1,1,,,,1,1,1,,,
NISSAN ,NOTE,2020,SENSE CVT,,,,1,,,,1,,,,,1,,,1,,,,1,,,,,1,,,1,,,,1,,,1,,,,1,,,,1,,1,,,1,,1,,1,,1,,1,,1,,,,,1,,,,1,,1,1,1,1,1,,1,1,,1,,,,,1,,,,1,1,,1,1,,,,,,,,,,1,,1,1,,,,1,1,,1,,
NISSAN ,NOTE,2020,ADVANCE MT,,,,1,,,,1,,,,,1,,,1,,,,1,,,,,1,,,1,,,,1,,,1,,1,,,,,,1,,1,,,1,1,,,1,,1,,1,,1,,1,1,,1,,,,1,,1,1,1,1,1,,1,1,,1,1,,,,1,,,,1,1,,1,1,,,1,,,,1,,,1,,1,1,,,,1,1,,1,,
NISSAN ,NOTE,2020,ADVANCE CVT,,,,1,,,,1,,,,,1,,,1,,,,1,,,,,1,,,1,,,,1,,,1,,,,1,,,,1,,1,,,1,1,,,1,,1,,1,,1,,1,,,1,,,,1,,1,1,1,1,1,,1,1,,1,1,,,,1,,,,1,1,,1,1,,,1,,,,1,,,1,,1,1,,,,1,1,,1,,
NISSAN ,TIIDA SEDÁN,2020,DRIVE TM,1,,,,,,,1,,,,,1,,,1,,,,1,,,,1,,,,,1,,,,1,,1,,1,,,,,,1,,1,,,1,,1,1,,1,,,1,,1,,,,,,1,,,1,,,,,,1,,,1,,1,,,,,1,,,,,1,,1,,,,,,,,,,,1,,1,,,,,1,1,1,,,
NISSAN ,TIIDA SEDÁN,2020,SENSE TM,1,,,,,,,,1,,,,1,,,1,,,,,1,,,,1,,,,1,,,1,,,1,,1,,,,,,1,,1,,,1,,1,1,,1,,,1,,1,,,,,,1,,,1,,,,,,1,,,1,,1,,,,,1,,,,,1,,1,,,,,,,,,,,1,,1,,,,,1,1,1,,,
NISSAN ,TIIDA SEDÁN,2020,SENSE TA,1,,,,,,,,1,,,,1,,,1,,,,,1,,,,1,,,,1,,,1,,,1,,,1,,,,,1,,1,,,1,,1,1,,1,,,1,,1,,,,,,1,,,1,,,,,,1,,,1,,1,,,,,1,,,,,1,,1,,,,,,,,,,,1,,1,,,,,1,1,1,,,
NISSAN ,TIIDA SEDÁN,2020,ADVANCE TM,1,,,,,,,,1,,,,1,,,1,,,,,1,,,,1,,,,1,,,1,,,1,,1,,,,,,1,,1,,,1,1,,,1,1,,,1,,1,,,,,,1,,,1,,,,,,1,,,1,,1,,,,,1,,,,,1,,1,,,,,,,,,,,1,,1,,,,,1,1,,1,,
NISSAN ,TIIDA SEDÁN,2020,ADVANCE TA,1,,,,,,,,1,,,,1,,,1,,,,,1,,,,1,,,,1,,,1,,,1,,,1,,,,,1,,1,,,1,1,,,1,1,,,1,,1,,,,,,1,,,1,,,,,,1,,,1,,1,,,,,1,,,,,1,,1,,,,,,,,,,,1,,1,,,,,1,1,,1,,
NISSAN ,LEAF,2020,S (40KW),,,,1,,,,,,,,,,,,,,,1,,1,,,,,1,,,,,,,,,,,,1,,,,,1,,,1,,,1,,1,,1,,,1,,1,,,,,,1,,,1,,1,1,1,,1,,,,,1,1,1,,,1,,,,,1,,1,,1,1,1,,,,1,,,1,1,1,1,,1,1,1,1,,,,1
NISSAN ,LEAF,2020,SL (40KW),,,,1,,,,,,,,,,,,,,,1,,1,,,,,1,,,,,,,,,,,,1,,,,,1,,,1,,,1,,,1,1,1,,1,,,1,1,,,,1,,,1,,1,1,1,1,1,,,,,1,1,1,,,,1,,,,1,,1,,1,1,1,1,1,1,,1,1,1,1,1,1,,1,1,1,1,,,,1
NISSAN ,LEAF,2020,SL BITONO (40KW),,,,1,,,,,,,,,,,,,,,1,,1,,,,,1,,,,,,,,,,,,1,,,,,1,,,1,,,1,,,1,1,1,,1,,,1,1,,,,1,,,1,,1,1,1,1,1,,,,,1,1,1,,,,1,,,,1,,1,,1,1,1,1,1,1,,1,1,1,1,1,1,,1,1,1,1,,,,1
NISSAN ,MAXIMA,2020,ADVANCE,1,,,,,,,,,1,,,,1,,1,,,,,,1,,,,1,,,1,,,1,,,1,,,,1,,,,,1,,1,,1,1,,,1,1,1,,1,,,1,1,1,,,1,,,,,1,1,1,1,1,,1,,1,1,1,1,1,,,,1,1,,1,,,,,,1,,,,1,,,1,1,1,,1,1,1,,,,,,1
NISSAN ,MAXIMA,2020,SR,1,,,,,,,,,1,,,,1,,1,,,,,,1,,,,1,,,1,,,1,,,1,,,,1,,,,,1,,1,,1,1,,,1,1,1,,1,,,1,1,1,,,1,,,,,1,1,1,1,1,,1,,1,1,1,1,1,,,,1,1,,1,1,,,,,1,1,1,1,1,,,1,1,1,,1,1,1,1,1,,,,1
NISSAN ,MAXIMA,2020,EXCLUSIVE,1,,,,,,,,,1,,,,1,,1,,,,,,1,,,,1,,,1,,,1,,,1,,,,1,,,,,1,,1,,1,1,,,1,1,1,,1,,,1,1,1,,,1,,1,,,1,1,1,1,1,,1,,1,1,1,1,1,,,,1,1,,1,1,,,,,1,1,1,1,,1,,1,1,1,,1,1,1,1,1,,,,1
NISSAN ,NP300 FRONTIER,2020,XE TM AC PAQ. SEG. 6 VEL.,,1,,,,,,,1,,,,1,,,1,,,,,1,,,,1,,,1,,,1,,,1,,,1,,,,,,1,,1,,,1,,1,1,,1,,,1,,1,,,,,,,1,,1,,,,,1,1,,,1,,1,,,,,1,,,,,,,1,,1,,,,,,,,,1,,1,1,,1,,1,1,,,1,
NISSAN ,NP300 FRONTIER,2020,LE TM AC 6 VEL.,,1,,,,,,,1,,,,1,,,1,,,,,1,,,,1,,,1,,,1,,,1,,,1,,,,,,1,,1,,,1,,1,,1,1,,,1,,1,,,,,,,1,,1,,,,,1,1,,,1,,1,1,,,,1,,,,,1,,1,,1,,,,,,,,,1,,1,1,,1,,1,1,,,1,
NISSAN ,NP300 FRONTIER,2020,PLATINUM LE TM AC 6 VEL.,,1,,,,,,,1,,,,1,,,1,,,,,1,,,,1,,,1,,,1,,,1,,,1,,,,,,1,,1,,,1,,1,,1,1,1,,1,,,1,1,1,,,,1,,1,,1,,,1,1,,,,1,1,1,,,,,1,,,,1,,1,,1,1,1,,,,,,,1,,1,1,,1,,1,1,,,1,
NISSAN ,NP300 FRONTIER,2020,COBLE CABINA DIESEL 4X4 TM AC PAQ. SEG. 6 VEL.,,1,,,,,,,1,,,,1,,,,1,,,,1,,,,,1,,,1,,,1,,,1,,1,,,,1,,1,,1,,,1,,1,1,,1,,,1,,,1,,,,,,1,,1,,,,,,1,,,1,,1,,,,,1,,,,,,,,,1,,,,,,,,,1,,1,1,,1,,,1,,,,1
NISSAN ,NP300 FRONTIER,2020,LE 4X4 TA DIESEL,,1,,,,,,,1,,,,1,,,,1,,,,1,,,,,,1,,1,,,1,,,1,,,1,,,1,,1,,1,,,1,,1,,1,1,1,,1,,,1,1,1,,,,1,,1,,1,,,1,1,,,,1,1,1,,,,,1,,,,1,,1,,1,1,1,,,,,,,1,,1,1,,1,,1,1,,,,1
NISSAN ,VERSA,2020,SENSE TM,1,,,,,,,,,,,,1,,,1,,,,1,,,,1,,,,,1,,,,1,,1,,1,,,,,,1,,1,,,1,,1,,1,,,,1,,1,,,,,,1,,,1,,1,1,1,1,1,,,1,,1,1,,,,1,,,,,1,,1,1,,,,,,,,,,1,,1,1,,,,1,1,,1,,
NISSAN ,VERSA,2020,SENSE TA,1,,,,,,,,,,,,1,,,1,,,,1,,,,1,,,,,1,,,,1,,1,,,1,,,,,1,,1,,,1,,1,,1,,,,1,,1,,,,,,1,,,1,,1,1,1,1,1,,,1,,1,1,,,,1,,,,,1,,1,1,,,,,,,,,,1,,1,1,,,,1,1,,1,,
NISSAN ,VERSA,2020,ADVACE TM,1,,,,,,,,,,,,1,,,1,,,,1,,,,1,,,,,1,,,,1,,1,,1,,,,,,1,,1,,,1,1,,,1,1,,,1,,1,,,,,,1,,,1,,1,1,1,1,1,,,1,,1,1,,,,,,,,,1,,,1,,,1,,,,,,,1,,1,1,,,,1,1,,1,,
NISSAN ,VERSA,2020,ADVANCE TA,1,,,,,,,,,,,,1,,,1,,,,1,,,,1,,,,,1,,,,1,,1,,,1,,,,,1,,1,,,1,1,,,1,1,,,1,,1,,,,,,1,,,1,,1,1,1,1,1,,,1,,1,1,,,,,,,,,1,,,1,,,1,,,,,,,1,,1,1,,,,1,1,,1,,
NISSAN ,VERSA,2020,EXCLUSIVE TA,1,,,,,,,,,,,,1,,,1,,,,1,,,,1,,,,,1,,,,1,,1,,,1,,,,,1,,1,,,1,1,,,1,1,1,,1,,,,1,,,,1,,,1,,1,1,1,1,1,,,1,,1,1,,1,,,,,1,1,1,1,1,1,,1,1,,,,,,,1,,1,1,,,,1,1,,1,,
NISSAN ,X-TRAIL,2020,SENSE 2ROW,,,1,,,,,,1,,,,1,,,1,,,,,1,,,,1,,,,1,,,1,,,1,,,,1,,,,,1,,1,,1,,1,,1,,1,,,1,1,,,,,,1,1,1,1,,1,1,1,1,1,,1,1,,1,1,1,,,,,,,1,1,,1,,1,,1,,,,1,,,1,1,,1,1,1,,1,1,,,1,
NISSAN ,X-TRAIL,2020,SENSE 3ROW,,,1,,,,,,1,,,,1,,,1,,,,,1,,,,1,,,,1,,,1,,,1,,,,1,,,,,1,,1,,1,,1,,1,,1,,,1,1,,,,,,1,1,1,1,,1,1,1,1,1,,1,1,,1,1,1,,,,,,,1,1,,1,,1,,1,,,,1,,,1,1,,1,1,1,,1,1,,,1,
NISSAN ,X-TRAIL,2020,ADVANCE 2ROW,,,1,,,,,,1,,,,1,,,1,,,,,1,,,,1,,,,1,,,1,,,1,,1,,1,,,,,1,,1,,1,,1,,1,1,1,,,1,1,,1,1,,,1,1,1,1,,1,1,1,1,1,,1,,1,1,1,1,,,,,,,1,1,,1,,1,1,1,,,,1,,,1,1,,1,1,1,,1,1,,,,1
NISSAN ,X-TRAIL,2020,ADVANCE 3ROW,,,1,,,,,,1,,,,1,,,1,,,,,1,,,,1,,,,1,,,1,,,1,,1,,1,,,,,1,,1,,1,,1,,1,1,1,,,1,1,,1,1,,,1,1,1,1,,1,1,1,1,1,,1,,1,1,1,1,,,,,,,1,1,,1,,1,1,1,,,,1,,,1,1,,1,1,1,,1,1,,,,1
NISSAN ,X-TRAIL,2020,EXCLUSIVE 2ROW,,,1,,,,,,1,,,,1,,,1,,,,,1,,,,1,,,,1,,,1,,,1,,1,,1,,,,,1,,1,,1,1,,,1,1,1,,,1,,1,1,1,,,1,1,1,1,,1,1,1,1,1,,1,,1,1,1,1,1,,,,,1,1,1,,1,,1,1,1,1,1,1,,1,,1,1,,1,1,1,1,1,1,,,,1
NISSAN ,X-TRAIL,2020,EXCLUSIVE 3ROW,,,1,,,,,,1,,,,1,,,1,,,,,1,,,,1,,,,1,,,1,,,1,,1,,1,,,1,,1,,1,,1,1,,,1,1,1,,,1,,1,1,1,,,1,1,1,1,,1,1,1,1,1,,1,,1,1,1,1,1,,1,,,,1,1,,1,,1,1,1,1,1,1,,1,,1,1,,1,1,1,1,1,1,,,,1
NISSAN ,X-TRAIL,2020,EXCLUSIVE HEV,,,1,,,,,,1,,,,1,,,,,1,,,1,,,,1,,,,,1,,1,,,1,,1,,1,,,,,1,,1,,1,1,,,1,1,1,,,1,,1,1,1,,,1,1,1,1,,1,1,1,1,1,,1,,1,1,1,1,1,,,,,1,1,1,,1,,1,1,1,1,1,1,,1,,1,1,,1,1,1,1,1,1,,,,1
AUDI,A5 COUPÉ,2019,A5 40 TFSI SELECT,,,,,,1,,,1,,,,1,,,1,,,,,1,,,,,,1,,,,,,,,1,,,1,,,,,1,,,1,,,1,,,1,,,,1,,,1,1,1,,,1,,,,,1,,,1,1,,,,1,,,1,,,,,,,,1,,,,,,,,,,1,,,1,1,,1,,,,1,,,,,1
AUDI,A5 COUPÉ,2019,A5 40 TFSI S LINE,,,,,,1,,,1,,,,1,,,1,,,,,1,,,,,,1,,,,,,,,1,,,1,,,,,1,,,1,,,1,,,1,,,,1,,,,,,,,1,,,,,1,,,1,1,,,,1,,,1,,,,,,,,1,,,,,,,,,,1,,,1,1,,1,,,,1,,,,,1
AUDI,A5 COUPÉ,2019,A5 45 TFSI ELITE QUATTRO,,,,,,1,,,1,,,,1,,,1,,,,,,1,,,,,1,,,,,,,,1,,,1,,,1,,1,,,1,,,1,,,1,,,,1,,,1,1,1,,,1,,,,,1,,,1,1,,,,1,,,1,,,,,,,,1,,,,,,,,,,1,,,1,1,,1,,,,1,,,,,1
AUDI,A5 COUPÉ,2019,A5 45 TFSI S LINE QUATTRO,,,,,,1,,,1,,,,1,,,1,,,,,,1,,,,,1,,,,,,,,1,,,1,,,1,,1,,,1,,,1,,,1,,,,1,,,,,,,,1,,,,,1,,,1,1,,,,1,,,1,,,,,,,,1,,,,,,,,,,1,,,1,1,,1,,,,1,,,,,1
AUDI,A6,2019,A6 55 TFSI ELITE QUATTRO,1,,,,,,,,,1,,,,1,,1,,,,,,,1,,,,1,,,,,,,,1,,,1,,,1,,,,,1,,,1,,,1,,1,,1,,,1,1,1,,,1,,,,,1,,,1,1,,1,,1,1,1,1,,,,,,,,,,,,,1,1,,,,1,,1,1,1,,1,,1,,1,,,,,1
AUDI,A6,2019,A6 55 TFSI S LINE QUATTRO,1,,,,,,,,,1,,,,1,,1,,,,,,,1,,,,1,,,,,,,,1,,,1,,,1,,,1,,1,,,1,,,1,,1,,1,,1,,,,,,1,,,,,1,,,1,1,,1,,1,1,1,1,,,,,,,,,,,,,1,1,,,,1,,1,1,1,,1,,1,,1,,,,,1
AUDI,A7,2019,A7 55 TFSI ELITE QUATTRO,,,,,,1,,,,1,,,,1,,1,,,,,,,1,,,,1,,,,,,,,,,,1,,,1,,,,,1,,,1,,,1,,1,,1,,,1,,,,,1,,,,,1,,,1,1,,1,,1,1,1,1,,,,,,,,,,,,,1,1,,,,1,,1,1,1,,1,,1,,1,,,,,1
AUDI,A7,2019,A7 55 TFSI S LINE QUTTRO,,,,,,1,,,,1,,,,1,,1,,,,,,,1,,,,1,,,,,,,,,,,1,,,1,,,1,,1,,,1,,,1,,1,,1,,1,,1,1,,,1,,,,,1,,,1,1,,1,,1,1,1,1,,,,,,,,,,,,,1,1,,,,1,,1,1,1,,1,,1,,1,,,,,1
AUDI,A5 SPORTBACK,2019,A5 SB 40 TFSI SELECT,,,,,,1,,,1,,,,1,,,1,,,,,1,,,,,,1,,,,,,,,1,,,1,,,1,,,1,,1,,,1,,,1,,,,1,,,1,1,1,,,1,,,,,1,,,1,1,,,,1,,,,,,,,,,,1,,,,,1,,,,,1,,,1,1,,,,,,1,,,,,1
AUDI,A5 SPORTBACK,2019,A5 SB 40 TFSI S LINE,,,,,,1,,,1,,,,1,,,1,,,,,1,,,,,,1,,,,,,,,1,,,1,,,1,,,1,,1,,,1,,,1,,,,1,,,,,,,,1,,,,,1,,,1,1,,,,1,,,,,,,,,,,1,,,,,1,,,,,1,,,1,1,,,,,,1,,,,,1
AUDI,A5 SPORTBACK,2019,A5 SB 45 TFSI ELITE QUATTRO,,,,,,1,,,1,,,,1,,,1,,,,,,1,,,,,1,,,,,,,,1,,,1,,,1,,,1,,1,,,1,,,1,,,,1,,,1,1,1,,,1,,,,,1,,,1,1,,,,1,,,1,,,,,,,,1,,,,,1,,,,,1,,,1,1,,,,,,1,,,,,1
AUDI,A5 SPORTBACK,2019,A5 SB 45 TFSI S LINE QUATTRO,,,,,,1,,,1,,,,1,,,1,,,,,,1,,,,,1,,,,,,,,1,,,1,,,1,,,1,,1,,,1,,,1,,,,1,,,,,,,,1,,,,,1,,,1,1,,,,1,,,1,,,,,,,,1,,,,,1,,,,,1,,,1,1,,,,,,1,,,,,1
AUDI,TTS,2020,TTS TFSI QUATTRO,,,,,,1,,,1,,,,1,,,1,,,,,,1,,,,,1,,,,,,,,1,,,1,,,1,,,1,,1,,,1,,,1,,,,1,,,1,1,1,,1,,,,,,1,,,1,1,,,,1,,1,1,,,,,,,,,,,,,1,1,,,,,,1,1,1,,,,,,1,,,,,1
AUDI,A4,2020,A4 40 TFSI DYNAMIC,1,,,,,,,,1,,,,1,,,1,,,,,1,,,,,,1,,,,,,,,1,,,1,,,,,,,,1,,,1,,,1,,,,1,,,1,1,1,,,1,,,,,1,,,1,,1,,,1,,1,,1,,1,,,,,,,,,,1,,,,,,,,1,1,,,,,1,1,,,,,1
AUDI,A4,2020,A4 40 TFSI SELECT,1,,,,,,,,1,,,,1,,,1,,,,,1,,,,,,1,,,,,,,,1,,,1,,,,,,,,1,,,1,,,1,,,,1,,,1,1,1,,,1,,,,,1,,,1,,1,,,1,,1,,1,,1,,,,,,,,,,1,1,,,,,,,1,1,,,,,1,1,,,,,1
AUDI,A4,2020,A4 40 TFSI S LINE,1,,,,,,,,1,,,,1,,,1,,,,,1,,,,,,1,,,,,,,,1,,,1,,,,,,1,,1,,,1,,,1,,,,1,,,1,,,,,1,,1,,,1,,,1,,1,,,1,,,,1,,,,,1,,,,,,,1,1,,,,,,,1,1,,,,,1,1,,,,,1
AUDI,A3 CABRIOLET,2020,A3CABRIOLET 40 TFSI SELECT,1,,,,,,1,,1,,,,1,,,1,,,,,1,,,,,,1,,,,,,,,1,,,1,,,,,,,,1,1,,1,,,1,,1,,1,,1,,1,1,,1,,,,,,1,,,1,,1,1,,1,1,1,1,1,,,,,,,1,,,,1,1,,,,,1,,1,1,1,,1,1,1,,1,,,,,1
AUDI,A3 CABRIOLET,2020,A3CABRIOLET 40 TFSI S LINE,1,,,,,,1,,1,,,,1,,,1,,,,,1,,,,,,1,,,,,,,,1,,,1,,,,,,1,,1,1,,1,,,1,,1,,1,,1,1,,,,1,,,,,,1,,,1,,1,1,,1,1,,1,1,,,,,,,1,,,,1,1,,,,,1,,1,1,1,,1,1,1,,1,,,,,1
AUDI,A3 SEDÁN,2020,A3 SEDÁN 35 TFSI DYNAMIC,1,,,,,,,1,,,,,1,,,1,,,,,1,,,,,1,,,,,,,,,,1,,1,,,,,,,,1,1,,1,,,1,,1,,1,,1,,1,,,,1,,,,,1,1,,1,,1,1,,1,1,,1,1,,1,,,,,1,,,,,,,,,,,,1,1,1,,1,1,1,,1,,,,1,
AUDI,A3 SEDÁN,2020,A3 SEDÁN 35 TFSI SELECT,1,,,,,,,1,,,,,1,,,1,,,,,1,,,,,1,,,,,,,,,,1,,1,,,,,,,,1,1,,1,,,1,,1,,1,,,,1,,,,1,,,,,1,1,,1,,1,1,,1,1,,1,1,,1,,,,,1,,,,,1,,,,,,,1,1,1,,1,1,1,,1,,,,,1
AUDI,A3 SEDÁN,2020,A3 SEDÁN 40 TFSI DYNAMIC,1,,,,,,,,1,,,,1,,,1,,,,,1,,,,,,1,,,,,,,,1,,,1,,,,,,,,1,1,,1,,,1,,1,,1,,1,,1,,,,1,,,,,1,1,,1,,1,1,,1,1,,1,1,,1,,,,,1,,,,,1,,,,,,,1,1,1,,1,1,1,,1,,,,,1
AUDI,A3 SEDÁN,2020,A3 SEDÁN 40 TFSI SELECT,1,,,,,,,,1,,,,1,,,1,,,,,1,,,,,,1,,,,,,,,1,,,1,,,,,,,,1,1,,1,,,1,,1,,1,,,1,1,,,,1,,,,,1,1,,1,,1,1,,1,1,,1,1,,1,,,,,1,,,,,1,,,,,,,1,1,1,,1,1,1,,1,,,,,1
AUDI,A3 SEDÁN,2020,A3 SEDÁN 40 TFSI S LINE,1,,,,,,,,1,,,,1,,,1,,,,,1,,,,,,1,,,,,,,,1,,,1,,,,,,1,,1,1,,1,,,1,,1,,1,,1,,1,,,,1,,,,,1,1,,1,,1,1,,1,1,,1,1,,,,,1,,1,,,,,1,,,,,,,1,1,1,,1,1,1,,1,,,,,1
AUDI,A8 ,2020,3.0 TFSI QUATTRO,1,,,,,,,,,1,,,,1,,1,,,,,,,1,,,,1,,,,,,,1,,,1,,,,1,,,,,,,,1,,,1,,,,1,,,1,1,1,,,,,,,,1,,,1,,1,,,1,,,1,1,,,,,1,1,1,,,,,1,1,,,,,,,1,1,,1,,,,1,1,,,,1
AUDI,Q2,2020,Q2 35 TFSI DYNAMIC,,,1,,,,,1,,,,,1,,,1,,,,,1,,,,,1,,,,,,,,,1,,,1,,,,,,,,1,,,1,,,1,1,1,,1,,,1,1,,,1,,,,,,1,,,1,,1,1,1,,1,,,,,,,,,,1,,,,,1,,,,,1,,,1,1,,1,,1,,1,,,,1,
AUDI,Q2,2020,Q2 35 TFSI SELECT,,,1,,,,,1,,,,,1,,,1,,,,,1,,,,,1,,,,,,,,,1,,,1,,,,,,,,1,,,1,,,1,,1,,1,,,1,1,,,1,,,,,,1,,,1,,1,1,,1,1,,,,,,,,,,1,,,,,1,,,,,1,,1,1,1,,1,,1,,1,,,,,1
AUDI,Q2,2020,Q2 35 TFSI SPORT,,,1,,,,,1,,,,,1,,,1,,,,,1,,,,,1,,,,,,,,,1,,,1,,,,,,,,1,,,1,,,1,,,,1,,,1,,,,1,,,,,,1,,,,,1,1,,1,1,,,,,,,,,,1,,,,,,1,,,,1,,1,1,1,,1,,1,,1,,,,,1
AUDI,Q2,2020,Q2 35 TFSI S LINE,,,1,,,,,1,,,,,1,,,1,,,,,1,,,,,1,,,,,,,,,1,,,1,,,,,,1,,1,,,1,,,1,,,,1,,1,,,,,1,,,,,,1,,,,,1,1,,1,1,,,,,,,,,,1,,,,,,1,,,,1,,1,1,1,,1,,1,,1,,,,,1
AUDI,Q2,2020,Q2 40 TFSI S LINE QUATTRO,,,1,,,,,,1,,,,1,,,1,,,,,1,,,,,,,,,,,,,,1,,,1,,,1,,,1,,1,,,1,,,1,,,,1,,1,,,,,1,,,,,,1,,,,,1,1,,1,1,,,,,,,,1,,1,,,,,,1,,,,1,,1,1,1,,1,,1,,1,,,,,1
AUDI,A1 SPORTBACK,2020,A1 SB 30 TFSI URBAN,,,,1,,,,1,,,,1,,,,1,,,,,1,,,,1,,,,,,,,,,,1,,1,,,,,,,,1,1,,,1,,1,1,,,1,,1,,1,1,,1,,,,,,1,,,1,,1,1,1,,,,1,1,,,,,,,,,,,1,,1,,,,,,,1,1,,,1,1,,1,,,,1,
AUDI,A1 SPORTBACK,2020,A1 SB 30  TFSI COOL,,,,1,,,,1,,,,1,,,,1,,,,,1,,,,1,,,,,,,,,,,1,,1,,,,,,,,1,1,,1,,,1,1,,,1,,1,,1,1,,1,,,,,,1,,,1,,1,1,1,,,,1,1,,,,,,,,,,,1,,1,,,,1,,,1,1,,,1,1,,1,,,,1,
AUDI,A1 SPORTBACK,2020,A1 SB 35  TFSI EGO,,,,1,,,,1,,,,,1,,,1,,,,,1,,,,,1,,,,,,,,,1,,,1,,,,,,,,1,1,,1,,,1,,,,1,,1,,1,1,,1,,,,,,1,,,1,,1,1,1,,,,1,1,,,,,,,,,,,1,1,1,,,,1,,1,1,1,,,1,1,,1,,,,,1
AUDI,A1 SPORTBACK,2020,A1 SB 40  TFSI S LINE,,,,1,,,,,1,,,,1,,,1,,,,,1,,,,,,1,,,,,,,,1,,,1,,,,,,,,1,1,,1,,,1,,,,1,,1,,,,,1,,,,,,1,,,1,,1,1,1,,,,1,1,,,,,,,,,,,1,1,,,,,1,,1,1,1,,,1,,,1,,,,,1
AUDI,Q5,2020,Q5 45 TFSI DYNAMIC QUATTRO,,,1,,,,,,1,,,,1,,,1,,,,,1,,,,,,1,,,,,,,1,,,,1,,,1,,,1,,1,,,,1,,1,,1,,1,,,1,1,,,,1,,,,,1,,1,,,,1,,1,1,,,,,,,,,,,,,,,,,,,,1,,,1,1,,1,,1,,1,,,,,1
AUDI,Q5,2020,Q5 45 TFSI SELECT QUATTRO,,,1,,,,,,1,,,,1,,,1,,,,,1,,,,,,1,,,,,,,1,,,,1,,,1,,,1,,1,,,,1,,1,,1,,1,,,1,1,,,,1,,,,,1,,1,1,1,,1,,1,1,,1,1,,,,,,,,,,,,1,1,,,,1,,1,1,1,,1,,1,,1,,,,,1
AUDI,Q5,2020,Q5 45 TFSI ELITE QUATTRO,,,1,,,,,,1,,,,1,,,1,,,,,1,,,,,,1,,,,,,,1,,,,1,,,1,,,1,,1,,,1,,,1,,1,,1,,,1,1,,,,1,,,,,1,,1,1,1,,,,1,1,,1,1,,,,,,,,,,,,1,1,,,,1,,1,1,1,,1,,1,,1,,,,,1
AUDI,Q5,2020,Q5 45 TFSI S LINE QUATTRO,,,1,,,,,,1,,,,1,,,1,,,,,1,,,,,,1,,,,,,,1,,,,1,,,1,,,1,,1,,,1,,,1,,1,,1,,,1,,,,,1,,,,,1,,1,1,1,,,,1,1,,1,1,,,,,1,,,,,,,1,1,,,,1,,1,1,1,,1,,1,,1,,,,,1
AUDI,Q7,2020,Q7 55 TFSI SELECT QUATTRO,,,1,,,,,,,1,,,,1,,1,,,,,,,1,,,,1,,,,,,,1,,,1,,,,1,,,,,1,,,1,,,1,,1,,1,,,1,1,,,,1,,,,,,,,1,1,,1,,1,,,1,1,,,,,,,,,,,,1,1,,1,,1,,1,1,1,,1,,1,,,,,,,1
AUDI,Q7,2020,Q7 55 TFSI ELITE QUATTRO,,,1,,,,,,,1,,,,1,,1,,,,,,,1,,,,1,,,,,,,1,,,1,,,,1,,,,,1,,,1,,,1,,1,,1,,,1,1,,,,1,,,,,,,,1,,1,1,,1,1,,1,1,1,,,,1,,,,,,,1,1,,1,,1,,1,1,1,,1,,1,,,,,,,1
AUDI,Q7,2020,Q7 55 TFSI S LINE QUATTRO,,,1,,,,,,,1,,,,1,,1,,,,,,,1,,,,1,,,,,,,1,,,1,,,,1,,,,,1,,,1,,,1,,1,,1,,,,,,,,1,,,,,,,,1,,1,1,,1,1,,1,1,1,,,,1,,,,,,,1,1,,1,,1,,1,1,1,,1,,1,,,,,,,1
AUDI,Q7,2020,Q7 45 TDI ELITE QUATTRO,,,1,,,,,,,1,,,,1,,1,,,,,,1,,,,,1,,,,,,,,1,,1,,,,1,,,,,1,,,1,,,1,,1,,1,,,1,1,,,,1,,,,,,,,1,,1,1,,1,1,,1,1,1,,,,1,,,,,,,1,1,,1,,1,,1,1,1,,1,,1,,,,,,,1
AUDI,Q8,2020,Q8 55  TFSI ELITE QUATTRO,,,1,,,,,,,1,,,,1,,1,,,,,,,1,,,,1,,,,,,,1,,,1,,,,1,,,,,1,,,1,,,1,,1,,1,,,1,1,,,,1,,,,,1,,,1,1,,1,,1,1,,1,,,,,,,,,,,,,1,1,,,,1,,,1,,,1,,1,,1,,,,,1
AUDI,Q8,2020,Q8 55  S LINE QUATTRO,,,1,,,,,,,1,,,,1,,1,,,,,,,1,,,,1,,,,,,,1,,,1,,,,1,,,,,1,,,1,,,1,,1,,1,,1,,,,,,1,,,,,1,,,1,1,,1,,1,1,,1,,,,,,,,,,,,,1,1,,,,1,,,1,,,1,,1,,,,,,,1
CHEVROLET,COLORADO,2020,LT 4X2 PAQ.B,,1,,,,,,,,1,,,1,,,1,,,,,1,,,,1,,,,,,,,,,1,,,1,,,,,,,,1,1,,,,,1,,,,1,,1,,1,1,,,,1,,,,,1,,1,1,,,,1,1,1,,1,,,1,,,1,1,1,1,,1,,1,,,,1,,,1,1,,,,1,,1,1,,,,1
CHEVROLET,COLORADO,2020,LT 4X4 PAQ.C,,1,,,,,,,,1,,,1,,,1,,,,,,1,,,,1,,,,,,,,,1,,,1,,,,1,,,,1,1,,,,,1,1,,,1,,1,,1,1,,,,1,,,,,1,,1,1,,,,1,1,1,,1,,,1,,,1,1,1,1,,1,,1,,,,1,,,1,1,,,,1,,1,1,,,,1
CHEVROLET,BEAT HATCHBACK,2020,LS,,,,1,,,,1,,,,,1,,,1,,,,1,,,,1,,,,,,1,,,1,,,1,1,,,,,,,1,1,,1,,,,1,,,,,1,,1,,,,1,,,,,,,,,,,,,,1,,,,,,,1,,,,,,,,,,,,,,,,,,1,,,,,,,,,1,,,
CHEVROLET,BEAT HATCHBACK,2020,LT,,,,1,,,,1,,,,,1,,,1,,,,1,,,,1,,,,,,1,,,1,,,1,1,,,,,,,1,1,,1,,,,1,,,,,1,,1,,,,1,,,,,,,,1,,,1,,,1,,,1,,,,1,,,,,,,,,,,,,,,,,,1,,,,,,,,,1,,,
CHEVROLET,BEAT HATCHBACK,2020,ACTIV,,,,1,,,,1,,,,,1,,,1,,,,1,,,,1,,,,,,1,,,1,,,1,1,,,,,,,1,1,,1,,,,,1,1,,,1,,1,,,,1,,,,,,,,1,,,1,,,1,,,1,,,,1,,,,,,,,,,,,,,,,,,1,,,,,,,,,1,,,
CHEVROLET,BEAT HATCHBACK,2020,LTZ,,,,1,,,,1,,,,,1,,,1,,,,1,,,,1,,,,,,1,,,1,,,1,1,,,,,,,1,1,,1,,,,,1,1,,,1,,1,,,,1,,,,,,,,1,,1,1,,,1,,,1,,1,,1,,,,1,1,,1,,,,,,,,,,,1,,,,,,,,,,1,,
CHEVROLET,BEAT NOTCHBACK,2020,LS,1,,,1,,,,1,,,,,1,,,1,,,,1,,,,1,,,,,,1,,,1,,,1,1,,,,,,,1,1,,1,,,,1,,,,,1,,1,,,,,,,,,,,,,,,,,,1,,,,,,,1,,,,,,,,,,,,,,,,,,1,,,,,,,,,1,,,
CHEVROLET,BEAT NOTCHBACK,2020,LT,1,,,1,,,,1,,,,,1,,,1,,,,1,,,,1,,,,,,1,,,1,,,1,1,,,,,,,1,1,,1,,,,1,,,,,1,,1,,,,,,,,,,,,,,,1,,,1,,,1,,,,1,,,,,,,,,,,,,,,,,,1,,,,,,,,,1,,,
CHEVROLET,BEAT NOTCHBACK,2020,LTZ,1,,,1,,,,1,,,,,1,,,1,,,,1,,,,1,,,,,,1,,,1,,,1,1,,,,,,,1,1,,1,,,,,1,1,,,1,,1,,,,,,,,,,,,,,,1,,,1,,,1,,1,,1,,,,1,1,,1,,,,,,,,,,,1,,,,,,,,,,1,,
CHEVROLET,CAMARO,2020,SS,,,,,,1,,,,,1,,,,1,1,,,,,,,1,,,,1,,,,,,,1,,,,1,,,,,,1,,1,1,,,,,1,1,,,1,,,1,1,1,,1,,,,1,,,1,1,1,1,,,,1,1,1,1,1,,,,1,1,1,1,1,1,,,1,1,1,1,1,1,,1,1,1,,,,1,,,,,,,1
CHEVROLET,CAMARO,2020,ZL1 COUPÉ,,,,,,1,,,,,1,,,,1,1,,,,,,,1,,,,1,,,,,,,1,,,,1,,,,,,1,,1,1,,,,,1,1,,,1,,,1,1,1,,1,,,,1,,,1,1,1,1,,,,1,1,1,1,1,,,,1,1,1,1,1,1,,,1,1,1,1,1,1,,1,1,1,,,,1,,,,,,,1
CHEVROLET,CAMARO,2020,ZL1 CONVERTIBLE,,,,,,,1,,,,1,,,,1,1,,,,,,,1,,,,1,,,,,,,1,,,,1,,,,,,1,,1,1,,,,,1,1,,,1,,,1,1,1,,1,,,,1,,,1,1,1,1,,,,1,1,1,1,1,,,,1,1,1,1,1,1,,,1,1,1,1,1,1,,1,1,1,,,,1,,,,,,,1
CHEVROLET,CAVALIER,2020,LS MANUAL,1,,,,,,,1,,,,,1,,,1,,,,1,,,,1,,,,,,1,,,1,,,1,1,1,,,,,1,,,1,1,,,1,,1,1,,,1,,1,,,,,,1,,1,,,1,,,,1,,,1,,1,1,,,,,1,,1,,1,,1,,,,,,,,,,,1,1,,,,,,,,,1,,
CHEVROLET,CAVALIER,2020,LS AUTOMÁTICO,1,,,,,,,1,,,,,1,,,1,,,,1,,,,1,,,,,,1,,,1,,,1,1,1,,,,,1,,,1,1,,,1,,1,1,,,1,,1,,,,,,1,,1,,,1,,,,1,,,1,,1,1,,,,,1,,1,,1,,1,,1,,,,,,,,,1,1,,,,1,,,,,1,,
CHEVROLET,CAVALIER,2020,LT AUTOMÁTICO,1,,,,,,,1,,,,,1,,,1,,,,1,,,,1,,,,,,1,,,1,,,1,1,1,,,,,1,,,1,1,,,1,,1,1,,,1,,,1,,,,,1,,1,,,1,,,,1,,1,1,,1,1,,1,,,1,,1,1,1,,1,,1,,,,,,,,,1,1,,,,1,,,,,1,,
CHEVROLET,CAVALIER,2020,PREMIER AUTOMÁTICO,1,,,,,,,1,,,,,1,,,1,,,,1,,,,1,,,,,,1,,,1,,,1,1,1,,,,,1,,,1,1,,1,,,1,1,,,1,,,1,1,1,,,1,,1,,,1,,,,1,,1,1,,1,1,,1,,,1,,1,1,1,,1,,1,,,,,,,,,1,1,,,,1,,,,,,1,
CHEVROLET,CORVETTE,2020,Z51 COUPE,,,,,,1,,,,,1,,,,1,1,,,,,,,1,,,,1,1,,,1,,,1,,,,1,,,,,1,,,1,1,,,,,1,,,1,,,,1,,,,,,,,,,,1,1,,1,,,,1,1,1,1,1,,,,1,1,1,1,1,,,,1,1,1,,,1,,1,1,1,,,1,,,,,,,,1
CHEVROLET,CORVETTE,2020,Z51 COUPE PERFORMANCE PACKAGE,,,,,,1,,,,,1,,,,1,1,,,,,,,1,,,,1,1,,,1,,,1,,,,1,,,,,,1,,1,1,,,,,1,,,1,,,1,,,,,,,,,,,,1,1,,1,,,,1,1,1,1,1,,,,1,1,1,1,1,,,,1,1,1,,,1,,1,1,1,,,1,,,,,,,,1
CHEVROLET,EQUINOX,2020,LS,,,1,,,,,1,,,,,1,,,1,,,,,1,,,,,1,,,1,,,1,,,1,,,1,,,,,1,,,1,1,,,,,1,,,,1,,1,,,,,,1,,1,,,1,,,,1,,,,,1,,,,,,1,,,1,,,,,1,,1,,,,,,,1,,,,1,1,,,,,,,1
CHEVROLET,EQUINOX,2020,LT,,,1,,,,,1,,,,,1,,,1,,,,,1,,,,,1,,,1,,,1,,,1,,,1,,,,,1,,,1,1,,,,,1,,,,1,,1,,,,,,1,,1,,,1,,,,1,,,,,1,,,1,,,1,,,1,1,1,1,,1,1,1,1,,,1,,,1,,,,1,1,,,,,,,1
CHEVROLET,EQUINOX,2020,PREMIER PLUS,,,1,,,,,1,,,,,1,,,1,,,,,1,,,,,1,,,1,,,1,,,1,,,1,,,,,1,,,1,1,,,,,1,1,,,1,,,1,,,,,1,,1,,,1,,,,1,,,,,1,,1,1,,,,1,1,1,1,1,1,,1,1,1,1,1,1,1,1,,1,,,,1,1,,,,,,,1
CHEVROLET,SPARK,2020,LT,,,,1,,,,1,,,,,1,,,1,,,,1,,,,1,,,,,,1,,,1,,,1,1,,,,,,,1,1,,1,,1,,1,,,,,1,,1,,,,1,,,,,,,,,,,1,,,1,,,1,,,,,1,,,,1,,1,,,,,,,,,,,1,1,,,,,,,,1,,,
CHEVROLET,SPARK,2020,LT CVT ,,,,1,,,,1,,,,,1,,,1,,,,1,,,,1,,,,,,1,,,1,,,1,,,1,,,,,1,1,,1,,1,,1,,,,,1,,1,,,,1,,,,,,,,,,,1,,,1,,,1,,,,,1,,,,1,,1,,,,,,,,,,,1,1,,,,,,,,,1,,
CHEVROLET,SPARK,2020,PREMIER,,,,1,,,,1,,,,,1,,,1,,,,1,,,,1,,,,,,1,,,1,,,1,1,,,,,,,1,1,,1,,,1,,1,,1,,1,,,1,,,1,,,,,,,,,,1,1,,,1,,,1,,1,,,1,,,1,1,1,1,,,,,,,,,,,1,1,,,,,,,,,1,,
CHEVROLET,SPARK,2020,PREMIER CVT,,,,1,,,,1,,,,,1,,,1,,,,1,,,,1,,,,,,1,,,1,,,1,,,1,,,,,1,1,,1,,,1,,1,,1,,1,,,1,,,1,,,,,,,,,,1,1,,,1,,,1,,1,,,1,,,1,1,1,1,,,,,,,,,,,1,1,,,,,,,,,1,,
CHEVROLET,SPARK,2020,ACTIV,,,,1,,,,1,,,,,1,,,1,,,,1,,,,1,,,,,,1,,,1,,,1,1,,,,,,,1,1,,1,,,1,,1,1,1,,1,,1,,,,1,,,,,,,,,,1,1,,,1,,,1,,1,,,1,,,1,1,1,1,,,,,,,,,,,1,1,,,,,,,,,1,,
CHEVROLET,TORNADO,2020,LS,,1,,,,,,,1,,,,1,,,1,,,,1,,,,,1,,,,1,,,1,,,1,,1,,,,,,,1,1,,,1,,,1,,,,1,,,1,,,,,,,1,,,,,,,,,,,1,,1,,,,,1,,,,,,,,,,,,,,,,,1,1,1,,,,,,1,,,1,,
CHEVROLET,TORNADO,2020,LS A/A,,1,,,,,,,1,,,,1,,,1,,,,1,,,,,1,,,,1,,,1,,,1,,1,,,,,,,1,1,,,1,,,1,,,,1,,,1,,,,,,,1,,,,,,,,1,,,1,,1,,,,,1,,,,,,,,1,,,,,,,,,1,1,1,,,,,,1,,,1,,
CHEVROLET,TORNADO,2020,LT,,1,,,,,,,1,,,,1,,,1,,,,1,,,,,1,,,,1,,,1,,,1,,1,,,,,,,1,1,,,1,,,,1,1,,1,,,1,,,,,,,1,,,,,1,1,1,1,,,1,,1,1,,,,1,,,,,1,,1,1,,,,,,,1,,1,1,1,,,,,,1,,,1,,
CHEVROLET,TRAVERSE,2020,LT  7 PASAJEROS,,,1,,,,,,,1,,,,1,,1,,,,,,1,,,,1,,1,,,,1,,1,,,,1,,,,,,1,,1,,1,,,,1,,,,,1,,1,,,,,1,,1,,,1,,,1,1,,,1,,,,1,1,,,,1,1,1,1,,1,,,1,1,1,,,1,,,1,1,,,1,1,,,,,,,1
CHEVROLET,TRAVERSE,2020,LT  8PASAJEROS,,,1,,,,,,,1,,,,1,,1,,,,,,1,,,,1,,1,,,,1,,1,,,,1,,,,,,1,,1,,1,,,,1,,,,,1,,1,,,,,1,,1,,,1,,,1,1,,,1,,,,1,1,,,,1,1,1,1,1,1,,,1,1,1,,,1,,,1,1,,,1,1,,,,,,,1
CHEVROLET,TRAX,2020,LS,,,1,,,,,,1,,,,1,,,1,,,,,1,,,,1,,,,1,,,,1,,1,,1,,,,,,,1,1,,1,,,,,1,,,,1,,1,,,,,,1,,,,,,,,,1,,,,1,,1,,,,1,,,,,1,,,,,,,,,,,,,1,,,,1,1,,,,,1,,
CHEVROLET,TRAX,2020,LT,,,1,,,,,,,,,,1,,,1,,,,,1,,,,1,,,,1,,,,1,,1,,1,1,,,,,,1,1,,,1,,,,1,,,,1,,1,,,,,,1,,,,,,,,,1,,,1,,,1,,1,,,,,,1,1,1,,,1,,,,,,,,,1,,,,1,1,,,,,1,,
CHEVROLET,TRAX,2020,PREMIER,,,1,,,,,,1,,,,1,,,1,,,,,1,,,,1,,,,1,,,,1,,1,,1,1,,,,,,1,1,,,1,,,,1,1,,,1,,1,1,1,,,,1,,1,1,,1,,,,1,,1,1,,1,1,,1,,,,,,1,1,1,1,,1,1,1,,,,,,,1,1,,,1,1,,,,,,1,
CHEVROLET,BLAZER,2020,TELA,,,1,,,,,,,1,,,,1,,1,,,,,,1,,,,1,,,,,,,,1,,,,1,,,,,,1,,1,,1,,,,1,,,,1,,1,,,,,,1,,,,,1,,,,1,,,,1,,,,1,,,1,,,1,1,1,,,,,,,,,,,1,1,1,,,1,1,,,,,,,1
CHEVROLET,BLAZER,2020,PIEL,,,1,,,,,,,1,,,,1,,1,,,,,,1,,,,1,,,,,,,,1,,,,1,,,,,,1,,1,,1,,,,1,,1,,1,,,1,,,,,1,,,,,1,,,,1,,,,1,,,,1,,,1,,,1,1,1,,,,1,,1,,,1,,1,1,1,,,1,1,,,,,,,1
CHEVROLET,BLAZER,2020,RS,,,1,,,,,,,1,,,,1,,1,,,,,,1,,,,1,,,,,,,,1,,,,1,,,,,,1,,1,,1,,,,1,,1,,1,,,1,,,,,1,,1,,,1,,,1,1,,,,1,1,,1,1,,,,1,1,1,1,1,,,,1,1,1,,1,1,,1,1,1,,,1,1,,,,,,,1
CHEVROLET,CHEYENNE,2020,CABINA REGULAR LT 4X2,,1,,,,,,,,,1,,,,1,1,,,,,,,1,,,,1,,,,,,,1,,,,1,,,,,,1,,1,1,,,,,1,,,,1,,,1,1,,,,,1,,,,,,,1,1,,,,1,,,,1,,1,,,,1,1,1,,,,,1,1,,,1,,,1,,,,,1,,,,,,,1
CHEVROLET,CHEYENNE,2020,CABINA REGULAR LT 4X4,,1,,,,,,,,,1,,,,1,1,,,,,,,1,,,,1,,,,,,,1,,,,1,,,,1,,1,,1,1,,,,,1,,,,1,,,1,1,,,,,1,,,,,,,1,1,,,,1,,,,1,,1,,,,1,1,1,,,,,1,1,,,1,,,1,,,,,1,,,,,,,1
CHEVROLET,CHEYENNE,2020,DOBLE CABINA RST 4X4,,1,,,,,,,,,1,,,,1,1,,,,,,,1,,,,1,,,,,,,1,,,,1,,,,1,,1,,1,1,,,,,1,1,,,1,,,1,1,,,,,1,,,,1,,,1,1,,,,1,,,,1,,1,,,,1,1,1,,,1,,1,1,,,1,,,1,,,,,1,,,,,,,1
CHEVROLET,CHEYENNE,2020,DOBLE CABINA  TRALL BOSS 4X4,,1,,,,,,,,,1,,,,1,1,,,,,,,1,,,,1,,,,,,,1,,,,1,,,,1,,1,,1,1,,,,,1,1,,,1,,,1,1,,,,,1,,,,1,,,1,1,,,,1,,,,1,,1,,,,1,1,1,,,1,,1,1,,,1,,,1,,,,,1,,,,,,,1
CHEVROLET,CHEYENNE,2020,DOBLE CABINA LTZ 4X4,,1,,,,,,,,,1,,,,1,1,,,,,,,1,,,,1,,,,,,,1,,,,1,,,,1,,1,,1,1,,,,,1,1,,,1,,,1,1,,,,,1,1,,,1,,,1,1,,,,1,,,,1,,1,,,1,1,1,1,,,1,,1,1,,,1,,,1,,,,,1,,,,,,,1
CHEVROLET,CHEYENNE,2020,DOBLE CABINA HIGH COUNTRY 4X4,,1,,,,,,,,,1,,,,1,1,,,,,,,1,,,,1,,,,,,,1,,,,1,,,,1,,1,,1,1,,,,,1,1,,,1,,,1,1,,,,,,1,,,1,,,1,1,,,,1,,,,1,,1,,,1,1,1,1,,,1,,1,1,,,1,,,1,,,,,1,,,,,,,1
CHEVROLET,SUBURBAN,2020,LS TELA,,,1,,,,,,,,1,,,,1,1,,,,,,,1,,,,1,,,,,,,,,,,1,,,,,,,,1,,1,,,,1,,,,,1,1,,,,,,1,,,,,,,,,,,,1,,,,,1,,1,,,,1,1,1,,,,1,1,,,,,1,,,,,,1,1,,1,1,,,,1
CHEVROLET,SUBURBAN,2020,LT BANCA,,,1,,,,,,,,1,,,,1,1,,,,,,,1,,,,1,,,,,,,,,,,1,,,,,,,,1,,1,,,,1,,,,,1,,1,,,,,1,,,,,,,,,,,,1,,,,,1,1,1,,,,1,1,1,,,,1,1,,,1,,1,,1,,,,1,1,,1,1,,,,1
CHEVROLET,SUBURBAN,2020,LT,,,1,,,,,,,,1,,,,1,1,,,,,,,1,,,,1,,,,,,,,,,,1,,,,,,,,1,,1,,,,1,,,,,1,,1,,,,,1,,1,,,,,,,,,,1,,,,1,1,1,1,,,,1,1,1,,,,1,1,,,1,,1,,1,,,,1,1,,1,1,,,,1
CHEVROLET,SUBURBAN,2020,PREMIER,,,1,,,,,,,,1,,,,1,1,,,,,,,1,,,,1,,,,,,,,,,,1,,,,1,,1,,1,,1,,,,1,1,,,,1,,1,,,,,1,,1,,,1,,,,,,,,1,1,,1,1,1,,,1,1,1,1,,,,,,1,,,1,,1,,1,,,,1,1,,1,1,,,,1
CHEVROLET,TAHOE,2020,LS TELA,,,1,,,,,,,,1,,,,1,1,,,,,,,1,,,,1,,,,,,,,,,,1,,,,,,1,,1,,1,,,,,,,,,1,1,,,,,,1,,,,,,,,,1,,,1,,,,,1,,,,,,1,1,1,,,,1,1,,,,,,,1,,,,1,1,,,,,,,1
CHEVROLET,TAHOE,2020,LT BANCA,,,1,,,,,,,,1,,,,1,1,,,,,,,1,,,,1,,,,,,,,,,,1,,,,,,1,,1,,1,,,,,,,,,1,1,,,,,,1,,,,,,,,,1,,,1,,,,,1,1,,,1,1,1,1,1,,,,1,1,,,1,,,,1,,,,1,1,,,,,,,1
CHEVROLET,TAHOE,2020,LT,,,1,,,,,,,,1,,,,1,1,,,,,,,1,,,,1,,,,,,,,,,,1,,,,,,1,,1,,1,,,,1,,,,,1,1,,,,,,1,,1,,,,,,,1,,,1,,,,1,1,1,,,1,1,1,1,1,,,,1,1,,,1,,,,1,,,,1,1,,,,,,,1
CHEVROLET,TAHOE,2020,PREMIER,,,1,,,,,,,,1,,,,1,1,,,,,,,1,,,,1,,,,,,,,,,,1,,,,1,,1,,1,,1,,,,1,1,1,,,1,1,,,,,,1,,1,,,1,,,1,1,,,1,,1,,1,1,1,,,1,1,1,1,1,,,,1,1,1,1,1,1,,,1,,,,1,1,,,,,,,1
CHEVROLET,TRACKER,2020,LS MT,,,1,,,,,,1,,,1,,,,1,,,,,1,,,,1,,,,,,,,,,,,,,,,1,,,,,,,1,,,,1,,,,1,,1,,,,,,,,,1,,1,,,,,,1,,,,,,1,,1,,,,1,1,,1,1,1,1,1,,,1,,,,1,,1,,1,1,,,,,1,,
CHEVROLET,TRACKER,2020,LS AT,,,1,,,,,,1,,,1,,,,1,,,,,1,,,,1,,,,,,,,,,,,,,,,1,,,,,,,1,,,,1,,,,1,,1,,,,,,,,,1,,1,,,,,,1,,,,,,1,,1,,,,1,1,,1,1,1,1,1,,,1,,,,1,,1,,1,1,,,,,1,,
CHEVROLET,TRACKER,2020,LT AT,,,1,,,,,,1,,,1,,,,1,,,,,1,,,,1,,,,,,,,,,,,,,,,1,,,,,,,1,,,,1,,,,1,,1,,,,,,,,,1,,1,,,,,,1,,,,,,1,,1,,,,1,1,,1,1,1,1,1,,,1,,,,1,,1,,1,1,,,,,,1,
CHEVROLET,TRACKER,2020,LTZ AT AWD,,,1,,,,,,1,,,1,,,,1,,,,,1,,,,1,,,,,,,,,,,,,,,,1,,,,,1,,1,,,,1,,,,1,,,1,,,,,,,,1,,1,,,,,,1,,,,,,1,,1,,,,1,1,,1,1,1,1,1,,,1,,,,1,,1,,1,1,,,,,,1,
CHEVROLET,ONIX,2020,LS TM,1,,,,,,,1,,,,1,,,,1,,,,,1,,,,1,,,,,,,,,,,,1,,,,,,1,,1,,,1,,,1,,1,1,,1,,1,,,,,,1,,,,,,,1,,1,,,1,,,,,,,1,,,,1,1,,1,,1,,,,,,,,,1,1,1,,,1,,1,1,,1,,
CHEVROLET,ONIX,2020,LS TA,1,,,,,,,1,,,,1,,,,1,,,,,1,,,,1,,,,,,,,,,,,,1,,,,,1,,1,,,1,,,1,,1,1,,1,,1,,,,,,1,,,,,,,1,,1,,,1,,,,,,,1,,,,1,,,,,1,,,,,,,,,1,1,1,,,1,,1,1,,1,,
CHEVROLET,ONIX,2020,LT  TM,1,,,,,,,1,,,,1,,,,1,,,,,1,,,,1,,,,,,,,,,,,1,,,,,,1,,1,,,1,,,,1,1,1,,1,,1,,,,,,1,,,,,1,,1,,1,,,1,,,1,,,,1,,,,1,,1,,,1,,,,,,,,,1,1,1,,,1,,1,1,,1,,
CHEVROLET,ONIX,2020,LT TA,1,,,,,,,1,,,,1,,,,1,,,,,1,,,,1,,,,,,,,,,,,,1,,,,,1,,1,,,1,,,,1,1,1,,1,,1,,,,,,1,,,,,1,,1,,1,,,1,,,1,,,,1,,,,1,,1,,,1,,,,,,,,,1,1,1,,,1,,1,1,,1,,
CHEVROLET,ONIX,2020,PREMIER L,1,,,,,,,1,,,,1,,,,1,,,,,1,,,,1,,,,,,,,,,,,,1,,,,,1,,1,,,1,,,,1,1,1,,1,,,1,1,1,,,1,,,,,1,,1,,1,,,1,,,1,,,,1,,,,1,,1,,,1,1,1,,,,,,,1,1,1,,,1,,1,1,,1,,
VOLKSWAGEN,SAVEIRO,2019,SAVEIRO CABINA SENCILLA,,1,,,,,,1,,,,,1,,,1,,,,1,,,,,1,,,,,,,,,,,,1,,,,,,,1,,1,,1,,,1,,,,1,,,1,,,,,,,1,,,,,,,,1,,,1,,,,,,,1,,,,,,,1,,,,,,,,,,,1,,,,,1,,,1,,1,,
VOLKSWAGEN,GOL,2020,MANUAL 5U7TF4,,,,1,,,,1,,,,,1,,,1,,,,1,,,,,1,,,,1,,,,1,,1,,1,,,,,,1,,1,,1,,1,,1,,1,,,1,,1,,,,,1,,,,,,,1,,,1,,,1,,1,,,,,1,,,,,1,,1,1,,,,,,,,,,1,,,,,,,1,1,1,,,
VOLKSWAGEN,POLO,2020,STAR LINE MANUAL 6032G4 + PMJ,,,,1,,,,1,,,,,1,,,1,,,,1,,,,,1,,,,,1,1,,,,1,,1,,,,,,1,,1,,1,,,1,1,,,1,,1,,1,,,,,1,,,,1,,,1,1,1,1,,1,,,1,,,,,1,,,,,1,,,1,,,,,,,,,,1,,1,,,,,,1,,1,,
VOLKSWAGEN,POLO,2020,STAR LINE AUTOMÁTICA 6032G3 + PMJ,,,,1,,,,1,,,,,1,,,1,,,,1,,,,,1,,,,,1,1,,,,1,,,1,,,,,1,,1,,1,,,1,1,,,1,,1,,1,,,,,1,,,,1,,,1,1,1,1,,1,,,1,,,,,1,,,,,1,,,1,,,,,,,,,,1,,1,,,,,,1,,1,,
VOLKSWAGEN,POLO,2020,COMFORTLINE PLUS MANUAL 6.32G4 + P71,,,,1,,,,1,,,,,1,,,1,,,,1,,,,,1,,,,,1,1,,,,1,,1,,,,,,1,,1,,1,,1,,,1,1,1,,1,,1,,1,1,,1,,,,1,,,1,1,1,1,,1,,,,1,,,,1,,,,,1,,,1,,,,,,,1,,,1,,1,,,,,,1,,1,,
VOLKSWAGEN,POLO,2020,COMFORTLINE PLUS AUTOMÁTICA 6032G3 + P71,,,,1,,,,1,,,,,1,,,1,,,,1,,,,,1,,,,,1,1,,,,1,,,1,,,,,1,,1,,1,,1,,,1,1,1,,1,,1,,1,1,,1,,,,1,,,1,1,1,1,,1,,,,1,,,,1,,,,,1,,,1,,,,,,,1,,,1,,1,,,,,,1,,1,,
VOLKSWAGEN,PASSAT,2020,COMFORTLINE TIPTRONIC (6) A332S6,1,,,,,,,,1,,,,,1,,1,,,,,1,,,,,1,,,1,,,1,,,1,,1,,,,,,,1,,1,1,,1,,,1,,1,,1,,1,,,,,,1,,,,,,,,,,,,1,,,,,1,,,1,,,,,,1,,,,,,,1,1,,,1,1,,,1,1,,1,1,,,,1
VOLKSWAGEN,PASSAT,2020,SPORTLINE TIPTRONIC (6) A333S6,1,,,,,,,,1,,,,,1,,1,,,,,1,,,,,1,,,1,,,1,,,1,,1,,,,,,,1,,1,1,,1,,,1,,1,,1,,1,,1,,,,1,,,,,,,,,,,,,1,,,,1,,,1,,,,,,1,,,,,,,1,1,,,1,1,,,1,1,,1,1,,,,1
VOLKSWAGEN,PASSAT,2020,HIGHLINE TIPTRONIC (6) A333S6,1,,,,,,,,1,,,,,1,,1,,,,,1,,,,,1,,,1,,,1,,,1,,1,,,,,,,1,,1,1,,1,,,1,1,1,,1,,,1,1,,,,1,,,,,1,,,,,,,,1,,,1,1,,,,1,,,,,1,,,1,1,,,1,1,,,1,1,,,1,1,,1,1,,,,1
VOLKSWAGEN,PASSAT,2020,V6 DSG (6) A334T6,1,,,,,,,,,1,,,,1,,1,,,,,,1,,,,,1,,1,,,1,,,1,,,,,1,,,,1,,1,1,,1,,,1,1,1,,1,,,1,,,,,1,,,,,1,,,,,,,,1,,1,1,1,,,,1,,,,,1,,1,1,1,,,1,1,,,1,1,,,1,1,,1,1,,,,1
VOLKSWAGEN,TERAMONT,2019,TRENDLINE TIPTRONIC (8),,,1,,,,,,1,,,,1,,,1,,,,,,1,,,,,1,,1,,1,,,1,,,1,,,,,,,1,,1,1,,,1,,1,,,,,1,1,,,,,1,,,,1,,,1,1,1,1,,1,1,,,1,,1,,,1,,,,1,,1,1,1,,1,1,,,1,,,1,1,1,,1,1,,1,1,,,,1
VOLKSWAGEN,TERAMONT,2019,COMFORTLINE TIPTRONIC (8),,,1,,,,,,,1,,,,1,,1,,,,,,1,,,,,1,1,,,1,,,1,,,1,,,,,,,1,,1,1,,,1,,1,1,,,,1,1,,1,1,,1,,,,1,,1,1,1,1,1,,1,,1,,1,,1,,,,1,,,1,,1,1,1,,1,1,,,1,,,1,1,1,,1,1,,1,1,,,,1
VOLKSWAGEN,TERAMONT,2019,COMFORTLINE PLUS TIPTONIC (8),,,1,,,,,,,1,,,,1,,1,,,,,,1,,,,,1,1,,,1,,,1,,,1,,,,,,,1,,1,1,,,1,,1,1,,,,1,1,,1,1,,1,,,,1,,1,1,1,1,1,,1,,1,,1,,1,,,,1,,,1,,1,1,1,,1,1,,1,1,,,1,1,1,,1,1,,1,1,,,,1
VOLKSWAGEN,TERAMONT,2019,HIGHLINE TIPTRONIC (8),,,1,,,,,,,,,,,1,,1,,,,,,1,,,,,1,1,,,1,,,1,,,1,,,,,,,1,,1,1,,1,,,1,1,1,,,1,,1,1,1,,1,,,,1,,1,1,1,1,1,,1,,1,,1,,1,,,,1,,,1,,1,1,1,,1,1,,1,1,,1,1,1,1,,1,1,,1,1,,,,1
VOLKSWAGEN,GOLF,2020,COMFORTLINE DSG (7),,,,1,,,,1,,,,,1,,,1,,,,,1,,,,,1,,,,1,,,1,,,1,,,,1,,,,1,,1,1,,1,,,1,,1,,1,,1,,1,1,,1,,,,1,,1,1,1,1,1,,1,1,,,,,1,,,1,,,1,1,,,1,1,,,,,1,1,,,1,1,1,,1,1,,1,1,,,1,
VOLKSWAGEN,GOLF,2020,HIGHLINE DSG (7),,,,1,,,,1,,,,,1,,,1,,,,,1,,,,,1,,,,1,,,1,,,1,,,,1,,,,1,,1,1,,1,,,1,,1,,1,,1,,1,1,,1,,,,1,,1,1,1,1,1,,1,1,,,,,1,,,1,,,1,1,,,1,1,,,,,1,1,,,1,1,1,,1,1,,1,1,,,1,
VOLKSWAGEN,GOLF GTI,2020,GTI  DSG (6),,,,1,,,,,1,,,,1,,,1,,,,,,1,,,,,1,,1,,,,1,,1,,,,,1,,,,1,,1,1,,1,,,1,1,1,,1,,,1,1,1,,1,,,,1,,1,1,1,1,1,,1,1,1,,1,,1,,,,1,1,,1,,1,1,1,,1,,,,1,,,1,1,1,,1,1,,1,1,,,,1
VOLKSWAGEN,JETTA,2021,TRENDLINE MANUAL(6) BU32PX,1,,,,,,,1,,,,,1,,,1,,,,,1,,,,,1,,,,1,,,1,,,1,1,,,,,,1,,,1,1,,,1,1,,,1,,1,,1,,,,,,1,,,,,,1,1,,1,,,1,,,,,1,,1,,,,1,1,,1,1,1,,,,,,1,,,1,1,1,,1,1,,1,1,,1,,
VOLKSWAGEN,JETTA,2021,TRENDLINE TIPTRONIC (6) BU32PY,1,,,,,,,1,,,,,1,,,1,,,,,1,,,,,1,,,,1,,,1,,,1,1,,,,,,1,,,1,1,,,1,1,,,1,,1,,1,,,,,,1,,,,,,1,1,,1,,,1,,,,,1,,1,,,,1,1,,1,1,1,,,,,,1,,,1,1,1,,1,1,,1,1,,1,,
VOLKSWAGEN,JETTA,2021,CMFORTLINE TIPTRONIC (6) BU33PY),1,,,,,,,1,,,,,1,,,1,,,,,1,,,,,1,,,,1,,,1,,,1,1,,,,,,1,,,1,1,,,1,,1,,1,,1,,1,,,,,,1,,,,,1,1,1,,1,,,1,,,,,1,,,1,,,1,1,,1,1,1,,1,,,,1,,,1,1,1,,1,1,,1,1,,,1,
VOLKSWAGEN,JETTA,2021,R-LINE TIPTONIC (6) BU33PY + WY6,1,,,,,,,1,,,,,1,,,1,,,,,1,,,,,1,,,,1,,,1,,,1,1,,,,,,1,,,1,1,,1,,,1,1,1,,1,,1,,,,,,1,,,1,,1,1,1,,1,,1,1,,,,,1,,,1,,,1,1,,1,1,1,,1,,,,1,,,1,1,1,,1,1,,1,1,,,1,
VOLKSWAGEN,JETTA,2021,HIGHLINE TIPTRONIC (6) BU34PY,1,,,,,,,1,,,,,1,,,1,,,,,1,,,,,1,,,,1,,,1,,,1,1,,,,,,1,,,1,1,,1,,,1,1,1,,1,,,1,1,1,,,1,,,1,,1,1,1,1,1,,1,,1,,1,1,1,,,1,,,1,1,,1,1,1,,1,1,,,1,,,1,1,1,,1,1,,1,1,,,1,
VOLKSWAGEN,VENTO ,2020,STARTLINE  MANUAL (5),1,,,,,,,1,,,,,1,,,1,,,,1,,,,,1,,,,1,,,,1,,1,,1,,,,,,1,,1,,1,,,1,1,,,1,,1,,1,,,,,,1,,,1,,,1,1,,1,,,1,,,,,,,1,,,,,1,,1,1,,,,,,1,,,,,1,1,1,,,,1,1,,1,,
VOLKSWAGEN,VENTO ,2020,STARTLINE  TIPTRONIC (6),1,,,,,,,1,,,,,1,,,1,,,,1,,,,,1,,,,1,,,,1,,1,,1,,,,,,1,,1,,1,,,1,1,,,1,,1,,1,,,,,,1,,,1,,,1,1,,1,,,1,,,,,,,1,,,,,1,,1,1,,,,,,1,,,,,1,1,1,,,,1,1,,1,,
VOLKSWAGEN,VENTO ,2020,COMFORT PLUS MANUAL (5),1,,,,,,,1,,,,,1,,,1,,,,1,,,,,1,,,,1,,,,1,,1,,1,,,,,,1,,1,,1,,1,,,1,1,1,,1,,1,,1,1,,,1,,,1,,,1,1,1,1,,1,1,,,1,,1,,1,,,,1,1,,1,1,,,,,,1,1,,,,1,1,1,,,,1,1,,1,,
VOLKSWAGEN,VENTO ,2020,COMFORTLINE PLUS TIPTRONIC (6),1,,,,,,,1,,,,,1,,,1,,,,1,,,,,1,,,,1,,,,1,,1,,1,,,,,,1,,1,,1,,1,,,1,1,1,,1,,1,,1,1,,,1,,,1,,,1,1,1,1,,1,1,,,1,,1,,1,,,,1,1,,1,1,,,,,,1,1,,,,1,1,1,,,,1,1,,1,,
VOLKSWAGEN,T-CROSS,2021,TRENDLINE TIPTRONIC (6) BF 12T3,,,1,,,,,1,,,,,1,,,1,,,,1,,,,,1,,,,1,,,,1,,1,,1,,,,,,1,,1,,1,,,1,,1,1,1,,1,,1,,,,,,1,,,1,,,1,1,1,1,,,1,,,,,1,,,1,,,1,1,,1,1,1,,,,,,,,,1,1,,,1,1,,1,1,,1,,
VOLKSWAGEN,T-CROSS,2021,COMFORTLINE TIPTRONIC (6) BF 13T3,,,1,,,,,1,,,,,1,,,1,,,,1,,,,,1,,,,1,,,,1,,1,,1,,,,,,1,,1,,1,,1,,,1,1,1,,1,,1,,1,1,,,1,,,1,,1,1,1,1,1,,1,1,,,1,,1,,,1,,,1,1,,1,1,1,,1,,,,1,,,1,1,,,1,1,,1,1,,,1,
VOLKSWAGEN,T-CROSS,2021,HIGHLINE TIPTRONIC (6) BF 14T3,,,1,,,,,1,,,,,1,,,1,,,,1,,,,,1,,,,1,,,,1,,1,,1,,,,,,1,,1,,1,,1,,,1,1,1,,1,,,1,1,1,,,1,,,1,,1,1,1,1,1,,1,1,,,1,1,1,,,1,,,1,1,,1,1,1,,1,,,,1,,,1,1,,,1,1,,1,1,,,1,
VOLKSWAGEN,TIGUAN,2021,TRENDLINE PLUS DSG (6) BW22N6 ,,,1,,,,,1,,,,,1,,,1,,,,,1,,,,,1,,,1,,,1,,,1,,,,,1,,,1,,,1,1,,,1,,1,1,1,,1,,1,,,1,,,1,,,1,,1,1,1,,1,,1,1,1,,,,1,,,1,,,,1,,1,,1,,,,,,1,,,1,1,1,,1,1,,1,1,,,1,
VOLKSWAGEN,TIGUAN,2021,COMFORTLINE DSG (6) BW23N6 ,,,1,,,,,1,,,,,1,,,1,,,,,1,,,,,1,,,1,,,1,,,1,,,,,1,,,1,,,1,1,,1,,,1,1,1,,,1,,,,1,,,1,,,1,,1,1,1,1,1,,1,1,1,,,,1,,,,1,,,1,,1,1,1,1,1,1,,,1,,,1,1,1,,1,1,,1,1,,,,1
VOLKSWAGEN,TIGUAN,2021,R-LINE DSG (6) BW23N6 + W9F,,,1,,,,,1,,,,,1,,,1,,,,,1,,,,,1,,,1,,,1,,,1,,,,,1,,,1,,,1,1,,1,,,1,1,1,,1,,,1,,1,,,1,,,1,,1,1,1,1,1,,1,1,1,,1,1,1,,,,1,,,1,,1,1,1,1,1,1,,,1,,,1,1,1,,1,1,,1,1,,,,1
VOLKSWAGEN,TIGUAN,2021,GHIGHLINE DSG (7) BW24LT,,,1,,,,,,1,,,,1,,,1,,,,,1,,,,,,1,,1,,,1,,,1,,,,,1,,,1,,,1,1,,1,,,1,1,1,,1,,,1,,1,,,1,,,1,,1,1,1,1,1,,1,1,1,,1,1,1,,,,1,,,1,,1,1,1,1,1,1,,,1,,,1,1,1,,1,1,,1,1,,,,1
JEEP,CHEROKEE,2020,LIMITED,,,1,,,,,,,1,,,,1,,1,,,,,,1,,,,1,,,,,,,,,,,,1,,,,,,1,,1,1,,1,,,1,1,1,,1,,,1,1,1,,,1,,1,1,,1,1,1,1,1,,1,,,,1,1,,,,,1,1,1,1,,1,,,1,,1,,1,1,,1,1,1,,1,1,1,,1,1,,,,1
JEEP,CHEROKEE,2020,OVERLAND,,,1,,,,,,,1,,,,1,,1,,,,,,1,,,,1,,,,,,,,,,,,1,,,,,,1,,1,1,,1,,,1,1,1,,1,,,1,1,1,,,1,,1,1,,1,1,1,1,1,,1,,,,1,1,,,,,1,1,1,1,,1,,,1,,1,,1,1,,1,1,1,,1,1,1,,1,1,,,,1
JEEP,CHEROKEE,2020,TRAILHAWK,,,1,,,,,,,1,,,,1,,1,,,,,,1,,,,1,,,,,,,,,,,,1,,,,,,1,,1,1,,1,,1,,1,1,,1,,,1,1,1,,,1,,1,1,,1,1,1,1,1,,1,,,,1,1,,,,,1,1,1,1,,1,,,1,,1,,1,1,,1,1,1,,1,1,1,,1,1,,,,1
JEEP,COMPASS,2020,COMPASS LATITUDE,,,1,,,,,,1,,,,1,,,1,,,,,1,,,,1,,,,,,,,,,,,,1,,,,,,1,,,1,,,1,,1,1,1,,1,,1,,1,1,,,1,,,1,,1,1,1,,1,,1,,,,1,,1,,,1,,,,1,,1,,1,,1,,,,1,,,1,1,,1,1,1,,1,1,,,,1
JEEP,COMPASS,2020,COMPASS LIMITED,,,1,,,,,,1,,,,1,,,1,,,,,1,,,,1,,,,,,,,,,,,,1,,,,,,1,,,1,,1,,,1,1,1,,1,,,1,1,1,,,1,,,1,,1,1,1,1,1,,1,,,,1,1,1,,,1,,1,1,1,,1,,1,,1,,,,1,,,1,1,,1,1,1,,1,1,,,,1
JEEP,COMPASS,2020,COMPASS LIMITED PREMIUM,,,1,,,,,,1,,,,1,,,1,,,,,1,,,,1,,,,,,,,,,,,,1,,,,,,1,,,1,,,1,,1,1,1,,1,,,1,1,1,,,1,,1,1,,1,1,1,,1,,1,,,,1,,1,,,1,,1,1,1,,1,,1,,1,,,,1,,,1,1,,1,1,1,,1,1,,,,1
JEEP,GRAND CHEROKEE,2020,LAREDO V6 4X2,,,1,,,,,,,1,,,,1,,1,,,,,,1,,,,1,,1,,,1,,,1,,,,1,,,,,,1,,1,1,,,1,,1,1,,,1,,1,,,1,,,1,,1,,,1,1,1,1,1,,1,,1,1,1,,1,,,1,,,1,1,,1,,,,1,,,,,,,1,1,,1,1,1,,1,,,,,1
JEEP,GRAND CHEROKEE,2020,LIMITED LUJO V6 4X2,,,1,,,,,1,,,,,,,1,1,,,,,,1,,,,1,,1,,,1,,,1,,,,1,,,,,,1,,1,1,,1,,,1,1,1,,1,,,1,,1,,,1,,1,,,1,1,1,1,1,,1,,1,1,1,1,1,,,,1,,1,1,,1,,,1,1,1,,,,,1,1,1,,1,1,1,,1,,,,,1
JEEP,GRAND CHEROKEE,2020,LIMITED LUJO V8 4X4,,,1,,,,,,,,1,,,,1,1,,,,,,,1,,,,1,1,,,1,,,1,,,,1,,,,1,,1,,1,1,,1,,,1,1,1,,1,,,1,,1,,,1,,,,,1,1,1,1,1,,1,,1,1,1,1,1,,,,1,,1,1,,1,,,1,1,1,,,,,1,1,1,,1,1,1,,1,,,,,1
JEEP,GRAND CHEROKEE,2020,LIMITED LUJO ADVANCED V8 4X4,,,1,,,,,,,,1,,,,1,1,,,,,,,1,,,,1,1,,,1,,,1,,,,1,,,,1,,1,,1,1,,1,,,1,1,1,,1,,,1,,1,,,1,,,,,1,1,1,1,1,,1,,1,1,1,1,1,,,,1,,1,1,,1,,,1,1,1,,1,,,1,1,1,,1,1,1,,1,,,,,1
JEEP,GRAND CHEROKEE,2020,SUMMIT ELITE PLATINUM V8 4X4,,,1,,,,,,,,1,,,,1,1,,,,,,,1,,,,1,1,,,1,,,1,,,,1,,,,1,,1,,1,1,,1,,,1,1,1,,1,,,1,1,1,,,1,,,,,1,1,1,1,1,,1,,1,1,1,1,1,,,,1,,1,1,,1,,,1,1,1,,1,,,1,1,1,,1,1,1,,1,,,,,1
JEEP,GRAND CHEROKEE,2020,STR V8 4X4,,,1,,,,,,,,1,,,,1,1,,,,,,,1,,,,1,1,,,1,,,1,,,,1,,,,1,,1,,1,1,,1,,,1,1,1,,1,,,1,1,1,,,1,,,,,1,1,1,1,1,,1,,1,1,1,1,1,,,,1,,1,1,,1,,,1,1,1,,1,,,1,1,1,,1,1,1,,1,,,,,1
JEEP,GRAND CHEROKEE,2020,TRACKHAWK V8 4X4,,,1,,,,,,,,1,,,,1,1,,,,,,,1,,,,1,1,,,1,,,1,,,,1,,,,1,,1,,1,1,,1,,,1,,1,,1,,,1,1,1,,,1,,,,,1,1,1,1,1,,1,,1,1,1,1,1,,,,1,,1,1,,1,,,1,1,1,,1,,,1,1,1,,1,1,1,,1,,,,,1
JEEP,RENEGADE,2020,SPORT,,,1,,,,,,1,,,,1,,,1,,,,,1,,,,1,,,,,,,,,,1,,,1,,,,,,1,,1,1,,,1,,1,,,,1,,1,,,,,,1,,,1,,,1,1,1,1,,1,1,,1,1,,1,,,1,,,,1,,1,,,1,1,,,,1,,,1,,1,1,1,1,,1,1,,,1,
JEEP,RENEGADE,2020,LATITUDE,,,1,,,,,,1,,,,1,,,1,,,,,1,,,,1,,,,,,,,,,1,,,1,,,,,,1,,1,1,,1,,,1,,,,1,,,1,1,,,,1,,,1,,1,1,1,1,1,,1,1,,1,1,,1,,,1,,,,1,,1,,,1,1,,,,1,,,1,1,1,1,1,1,,1,1,,,1,
JEEP,RENEGADE,2020,LIMITED,,,1,,,,,,1,,,,1,,,1,,,,,1,,,,1,,,,,,,,,,1,,,1,,,,,,1,,1,1,,1,,,1,1,,,1,,,1,1,,,,1,,1,1,,1,1,1,1,1,,1,1,,1,1,,1,,,1,,,,1,,1,,,1,1,,,,1,,,1,1,1,1,1,1,,1,1,,,,1
JEEP,WRANGLER,2020,JEEP WRANGLER SPORT S MILD HYBRID,,,1,,,,,,1,,,,1,,,,,1,,,,1,,,,1,,1,,,1,,,1,,,,1,,,,1,1,,,1,1,,,,,1,1,,,1,,1,,1,,,1,,,,1,,1,1,1,1,1,,,,,1,1,,1,,,,1,,1,1,,1,,1,,1,,,,,,,1,1,,1,1,1,,1,1,,,,1
JEEP,WRANGLER,2020,JEEP WRANGLER RUBICON,,,1,,,,,,,1,,,,1,,1,,,,,,1,,,,1,,1,,,1,,,1,,,,1,,,,1,,1,,1,1,,,1,,1,,,,1,,1,,,1,,1,,,,,,1,,,1,,,,,,,,1,1,,,,1,1,1,1,,1,,,1,,1,,1,,,,,,,,,,1,,,,,,1
JEEP,WRANGLER,2020,JEEP WRANGLER RUBICON OPC. DELUXE,,,1,,,,,,,1,,,,1,,1,,,,,,1,,,,1,,1,,,1,,,1,,,,1,,,,1,,1,,1,1,,,1,,1,,,,1,,,1,,1,,1,,,,,,1,,,1,,,,,,,,1,1,,,,1,1,1,1,,1,,,1,,1,,1,,,,,,,,,,1,,,,,,1
JEEP,WRANGLER,2020,JEEP WRANGLER UNLIMITED SPORT S MILD-HYBRID,,,1,,,,,,1,,,,1,,,,,1,,,,1,,,,1,,1,,,1,,,1,,,,1,,,,1,1,,,1,1,,,1,,1,1,,,1,,1,,,,,1,,,,1,,1,1,1,1,1,,,,,,,,1,,,,1,1,1,1,,1,,1,,1,,,,,,,1,1,,1,1,1,,1,1,,,,1
JEEP,WRANGLER,2020,JEEP WRANGLER UNLIMITED SAHARA MILD-HYBRID,,,1,,,,,,1,,,,,1,,,,1,,,,1,,,,1,,1,,,1,,,1,,,,1,,,,1,1,,,1,1,,,1,,1,1,,,1,,,1,1,,,1,,,,1,,1,1,1,1,1,,,,,1,1,1,1,,,,1,1,1,1,,1,,1,1,1,1,,1,,,,1,1,,1,1,1,1,1,1,,,,1
JEEP,WRANGLER,2020,JEEP WRANGLER UNLIMITED RUBICON,,,1,,,,,,,1,,,,1,,1,,,,,,1,,,,1,,1,,,1,,,1,,,,1,,,,1,,1,,1,1,,,1,,1,1,,,1,,1,,1,,,1,,,,1,,1,1,1,1,1,,,,,1,1,1,1,,,,1,1,1,1,,1,,1,1,1,1,,1,,,,1,1,,1,1,1,1,1,1,,,,1
CHRSLER ,CHRYSLER 3000,2019,CHRYSLER 3000 6 CILINDROS,1,,,,,,,,,1,,,,1,,1,,,,,,1,,,,1,,1,,,,1,,1,,,,1,,,,,,,,,1,,1,,,1,1,,,,,,1,1,,,,1,,1,1,,1,1,,1,,,1,,1,,1,,1,,,,,1,1,1,,1,,1,1,1,1,,1,,,1,,,,,,1,,1,,,,,1
CHRSLER ,CHRYSLER 3000,2019,CHRYSLER 3000 8 CILINDROS,1,,,,,,,,,,1,,,,1,1,,,,,,,1,,,,1,1,,,1,,,1,,,,1,,,,,,,,,1,,1,,,1,1,,,,,,1,1,,,,1,,1,1,,1,1,,1,,,1,,1,,1,,1,,,,,1,1,1,,1,,1,1,1,1,,1,,,1,,,,,,1,,1,,,,,1
CHRSLER ,PACÍFICA,2020,LIMITED,,,,,1,,,,,1,,,,1,,1,,,,,,1,,,,1,,1,,,1,,,1,,,,1,,,,,,1,,1,1,,,1,,1,1,,,,,,1,1,1,,,,1,,,,1,1,1,1,1,,,,1,,1,,1,,,,1,,,1,,1,,1,1,1,1,1,1,1,,,1,1,,1,,1,,1,1,,,,1
CHRSLER ,PACÍFICA,2020,LIMITED PLATINUM,,,,,1,,,,,1,,,,1,,1,,,,,,1,,,,1,,1,,,1,,,1,,,,1,,,,,,1,,1,1,,1,,,1,1,,,,,1,,,,,,,1,1,,,1,1,1,1,1,,,,1,,1,,1,,,,1,,1,1,,1,,1,1,1,1,1,1,1,,,1,1,,1,,1,,1,1,,,,1
ALFA ROMEO,STELVIO,2020,STELVIO OV,,,1,,,,,,,1,,,,1,,1,,,,,,,1,,,1,,,,,,,,,,,,1,,,1,,,1,,1,1,1,1,,,1,,,,1,,,1,1,,,,1,,1,,,1,,,1,1,,1,,,1,1,1,,,,,1,,1,1,,1,,1,1,1,1,,1,1,,1,1,1,,1,1,1,,,,,,,1
ALFA ROMEO,STELVIO,2020,STELVIO TI,,,1,,,,,,1,,,,1,,,1,,,,,,1,,,,,1,,,,,,,,,,,1,,,1,,,1,,1,,,1,,,1,,,,1,,,1,,,,,1,,1,,,1,1,1,1,1,,1,,,,,1,,,,,1,,1,,,1,,1,1,,1,,,1,,1,1,1,,,1,1,,,,,,,1
ALFA ROMEO,GIULIA,2019,TI,1,,,,,,1,,1,,,,1,,,1,,,,,,1,,,,,1,1,,,,,1,,1,,,1,,,,,,1,,1,1,,1,,,1,1,,,1,,,1,1,,,,1,,1,,,1,,,,1,,1,,1,1,,1,,,,,1,,1,1,,1,,1,,,,,,1,,,,,,,,1,,,,,,,1
ALFA ROMEO,GIULIA,2019,SPORT,1,,,,,,1,,1,,,,1,,,1,,,,,,1,,,,,1,,1,,,1,,,1,,,1,,,,,,1,,1,1,,1,,,1,1,,,1,,,1,1,,,,1,,1,,,1,,,,1,,1,,1,1,,1,,,,,1,,1,1,,1,,1,,,,,,1,,,,,,,,1,,,,,,,1
ALFA ROMEO,GIULIETTA,2020,GIULIETTA ,,,,1,,,,,1,,,,1,,,1,,,,,,1,,,,1,,,1,,,,1,,1,,,1,,,,,,1,,1,1,,1,,,1,1,,,1,,,1,1,1,,1,,,1,1,,,,,1,1,,1,,1,,1,,,,,1,,,1,1,,1,,,,1,,,,1,,,1,1,,1,,,,1,1,,,,1
GMC,ACADIA,2020,AT4,,,1,,,,,,,1,,,,1,,1,,,,,,,1,,,1,,,,,,,,,,,,1,,,,,,1,,1,1,,,1,,1,1,1,,,1,,1,1,,,1,,,1,,,1,1,1,1,1,,,,,,,1,1,,,,1,1,1,1,,1,,1,1,1,1,1,1,1,,,1,1,,,,1,,1,1,,,,1
GMC,ACADIA,2020,DENALI,,,1,,,,,,,1,,,,1,,1,,,,,,,1,,,1,,,,,,,,,,,,1,,,,,,1,,1,1,,,1,,1,1,1,,,1,,1,1,,,1,,,1,,,1,1,1,,1,,,,1,,,1,1,,,,1,1,1,1,,1,,1,1,1,1,1,1,1,,,1,1,,,,1,,1,1,,,,1
GMC,TERRAIN,2020,SLT,,,1,,,,,,1,,,,1,,,1,,,,,,1,,,,1,,1,,,1,,,,,,,1,,,,,,1,,1,1,,,1,,1,1,,,1,,,1,1,,,,1,,,,,1,1,,1,1,,,1,,,1,,,1,,1,,1,1,1,1,1,,,,1,,,,1,1,,1,1,,,,1,,,1,,,,1
GMC,TERRAIN,2020,DENALI,,,1,,,,,,1,,,,1,,,1,,,,,,1,,,,1,,1,,,1,,,,,,,1,,,,,,1,,1,1,,,1,,1,1,,,1,,,1,1,,,,1,,1,,,1,1,,1,1,,,,1,,1,1,,1,,,1,1,1,1,1,1,,,1,1,1,1,1,1,1,,1,1,,,,1,,,1,,,,1
GMC,SIERRA,2020,REGULAR,,1,,,,,,,,,1,,,,1,1,,,,,,,1,,,,1,1,,,1,,,1,,,,,,,1,,1,,,1,1,,,1,,1,,,,1,,1,,1,,,,,1,,,,,,,,,,1,1,,,1,,,,1,,,,,,1,,,,1,1,1,,,,,,1,1,1,,,,,,,,,,1
GMC,SIERRA,2020,AT4,,1,,,,,,,,,1,,,,1,1,,,,,,,1,,,,1,1,,,1,,,1,,,,,,,1,,1,,,1,1,,,1,,1,,,,1,,,1,1,,,,,1,1,,,,,,,1,,1,,1,,1,1,,,,1,,1,,,1,,,1,1,1,1,,,,,,1,1,1,,,,,,,,,,1
GMC,SIERRA,2020,DENALI,,1,,,,,,,,,1,,,,1,1,,,,,,,1,,,,1,1,,,1,,,1,,,,,,,1,,1,,,1,1,,,1,,1,,,,1,,,1,1,,,,,1,1,,,,,,1,1,,1,,1,,1,1,,,,1,,1,,,1,,,1,1,1,1,,1,,,,1,1,1,,,,1,,,,,,1
FIAT,UNO,2020,LIKE,,,,1,,,,1,,,,,1,,,1,,,,1,,,,1,,,,,1,,,1,,,1,,1,,,,,,1,,1,,,,,1,,1,1,,,1,,1,,,,,1,,,,1,,,1,1,,1,,,1,,1,,,1,,,1,,,1,1,,1,1,,,,,,,,,,1,,,,,,,,,1,,,
FIAT,UNO,2020,WAY,,,,1,,,,1,,,,,1,,,1,,,,1,,,,1,,,,,1,,,1,,,1,,1,,,,,,1,,1,,,,,1,,1,1,1,,1,,1,,,,,1,,,,1,,,1,1,1,1,,,1,,1,,,1,,,1,,,1,1,,1,1,,1,,,,,,,,1,,,,,,,,,1,,,
FIAT,UNO,2020,SPORTING,,,,1,,,,1,,,,,1,,,1,,,,1,,,,1,,,,,1,,,1,,,1,,1,,,,,,1,,1,,,,,1,,1,1,1,,1,,1,,,,,1,,,,1,,,1,1,1,1,,,1,,1,,,1,,,1,,,1,1,,1,1,,1,,,,,,,,1,,,,,,,,,,1,,
FIAT,PALIO,2020,TM,,,1,,,,,1,,,,,1,,,1,,,,,1,,,,1,,,,1,,,1,,,1,,1,,,,,,,1,1,,1,,,1,,1,1,1,,1,,1,,1,,,,1,,,1,,,1,1,1,1,,,1,,1,1,,1,,1,,,,1,1,,,1,,1,1,,,,1,,,1,,,,,,,1,1,,1,,
FIAT,PALIO,2020,TA,,,1,,,,,1,,,,,1,,,1,,,,,1,,,,1,,,,1,,,1,,,1,,,1,,,,,,1,1,,1,,,1,,1,1,1,,1,,1,,1,,,,1,,,1,,,1,1,1,1,,,1,,1,1,,1,,1,,,,1,1,,,1,,1,1,,,,1,,,1,,,,,,,1,1,,1,,
FIAT,MOBI,2020,LIKE,,,,1,,,,1,,,,1,,,,1,,,,1,,,,1,,,,,1,,,,1,,1,,1,,,,,,1,,1,,,1,,1,1,,1,,,1,,1,,,,,1,,,,1,,,1,1,,1,,,1,,1,,,1,,1,,,,1,1,,1,1,,,,,,,,,,1,,,1,,,,1,1,1,,,
FIAT,MOBI,2020,WAY,,,,1,,,,1,,,,1,,,,1,,,,1,,,,1,,,,,1,,,,1,,1,,1,,,,,,1,,1,,,1,,1,,1,1,1,,1,,1,,,,,1,,,,1,,,1,1,1,1,,,1,,1,,,1,,1,,,,1,1,,1,1,,,,,,,,,,1,,,1,,,,1,1,1,,,
FIAT,ARGO,2020,DRIVE,,,,1,,,,1,,,,1,,,,1,,,,1,,,,1,,,,,,,,,,,,,1,,,,,,1,,1,,,1,,1,1,,1,1,,1,,1,,,,1,,,,,1,,,1,1,1,1,,,1,,1,,,1,,,1,,,1,1,,1,,,,,,,,,,,1,,,1,,,,1,1,,1,,
FIAT,ARGO,2020,DRIVE PLUS,,,,1,,,,1,,,,1,,,,1,,,,1,,,,1,,,,,,,,,,,,,1,,,,,,1,,1,,,1,1,,,1,1,1,,1,,1,,,,1,,,,,1,,,1,1,1,1,,,1,,1,,,1,,,1,,,1,1,,1,,,1,1,,,,,,,1,,,1,,,,1,1,,,,
FIAT,ARGO,2020,TREKKING,,,,1,,,,1,,,,1,,,,1,,,,1,,,,1,,,,,,,,,,,,,1,,,,,,1,,1,,,1,1,,,1,1,1,,1,,1,,,,1,,,,,1,,,1,1,1,1,,,1,,1,,,1,,,1,,,1,1,,1,,,1,1,,,,,,,1,,,1,,,,1,1,,1,,
FIAT,ARGO,2020,PRECISION,,,,1,,,,,1,,,,1,,,1,,,,,1,,,,1,,,,,,,,,,,,1,,,,,,1,,1,,,1,1,,,1,1,1,,1,,1,,,,1,,,,,1,,1,1,1,1,,1,,1,,1,,,1,,,1,,,1,1,,1,,1,1,1,,,,,,,1,,,1,1,1,,1,1,,1,,
FIAT,ARGO,2020,HGT,,,,1,,,,,1,,,,1,,,1,,,,,1,,,,1,,,,,,,,,,,,1,,,,,,1,,1,,,1,1,,,1,1,1,,1,,,1,1,,1,,,,,1,,1,1,1,1,,1,,1,,1,,,1,,,1,,,1,1,,1,,1,1,1,,,,1,,,1,1,,1,1,1,,1,1,,1,,
FIAT,500L,2019,TREKKING,,,,,1,,,1,,,,,1,,,1,,,,,1,,,,1,,,,,,,,,,,,,1,,,,,1,,,1,1,,,1,,1,1,1,,1,,,1,,,,,1,,1,1,,,1,1,1,,1,,,1,1,1,,1,,,,,1,1,1,,1,1,1,1,1,,,,1,,1,1,1,,1,,1,,1,1,,,1,
SEAT,IBIZA,2021,REFERENCE TM,,,,1,,,,1,,,,,1,,,1,,,,1,,,,,1,,,,,1,,,1,,,1,1,,,,,,1,,,1,1,,,1,,1,1,1,,1,,1,,,,,,,,,1,,,1,1,1,1,,,1,,1,1,,1,,,1,,,,1,,1,1,1,,,,,,,,,1,1,,1,,1,,1,1,,1,,
SEAT,IBIZA,2021,REFERENCE TA,,,,1,,,,1,,,,,1,,,1,,,,1,,,,,1,,,,,1,,,1,,1,,,1,,,,,1,,,1,1,,,1,,1,1,1,,1,,1,,,,,1,,,,1,,,1,1,1,1,,,1,,1,1,,1,,,1,,,,1,,1,1,1,,,,,,,,,1,1,,1,,1,,1,1,,1,,
SEAT,IBIZA,2021,STYLE TM,,,,1,,,,1,,,,,1,,,1,,,,1,,,,,1,,,,,1,,,1,,,1,1,,,,,,1,,,1,1,,1,,,1,1,1,,1,,1,,1,1,,1,,,1,1,,,1,1,1,,1,,1,,1,1,,1,,,1,,,1,1,,1,1,1,,,,,,,,1,1,1,,1,,1,,1,1,,1,,
SEAT,IBIZA,2021,STYLE TA,,,,1,,,,1,,,,,1,,,1,,,,1,,,,,1,,,,,1,,,1,,1,,,1,,,,,1,,,1,1,,1,,,1,1,1,,1,,1,,1,1,,1,,,1,1,,,1,1,1,,1,,1,,1,1,,1,,,1,,,1,1,,1,1,1,,,,,,,,1,1,1,,1,,1,,1,1,,1,,
SEAT,IBIZA,2021,XCELLENCE TM,,,,1,,,,1,,,,,1,,,1,,,,1,,,,,1,,,,,1,,,1,,,1,1,,,,,,1,,,1,1,,1,,,1,1,1,,1,,1,,1,1,,1,,,1,1,,1,1,1,1,,1,1,1,,1,1,,1,,,1,,,1,1,,1,1,1,1,,,,,1,,1,1,1,,1,,1,,1,1,,1,,
SEAT,IBIZA,2021,XCELLENCE TA,,,,1,,,,1,,,,,1,,,1,,,,1,,,,,1,,,,,1,,,1,,1,,,1,,,,,1,,,1,1,,1,,,1,1,1,,1,,1,,1,1,,1,,,1,1,,1,1,1,1,,1,1,1,,1,1,,1,,,1,,,1,1,,1,1,1,1,,,,,1,,1,1,1,,1,,1,,1,1,,1,,
SEAT,IBIZA,2021,FR TM,,,,1,,,,1,,,,,1,,,1,,,,1,,,,,1,,,,1,,,,1,,,1,1,,,,,,1,,,1,1,,1,,,1,1,1,,1,,1,,1,1,,1,,,1,1,,,1,1,1,,1,,1,,1,1,,1,,,1,,,1,1,,1,1,1,1,,,,,1,,1,1,1,,1,,1,,1,1,,1,,
SEAT,IBIZA,2021,FR TM TSI,,,,1,,,,1,,,,1,,,,1,,,,,1,,,,1,,,,1,,,,1,,,1,1,,,,,,1,,,1,1,,1,,,1,1,1,,1,,1,,1,1,,1,,,1,1,,,1,1,1,,1,,1,,1,1,,1,,,1,,,1,1,,1,1,1,1,,,,,1,,1,1,1,,1,,1,,1,1,,,1,
SEAT,LEÓN,2020,STYLE TM,,,,1,,,,1,,,,,1,,,1,,,,,1,,,,1,,,,,1,,,1,,,1,1,,,,,,1,,,1,1,,1,,,1,1,1,,1,,1,,1,1,,1,,,1,1,,1,1,1,1,,1,1,1,,1,1,,1,,,1,,,1,1,,1,1,1,1,,,,,1,,1,1,1,,1,,1,,1,1,,,1,
SEAT,LEÓN,2020,STYLE TA,,,,1,,,,1,,,,,1,,,1,,,,,1,,,,1,,,,1,,,,1,,,1,,1,,,,,1,,,1,1,,1,,,1,1,1,,1,,1,,1,1,,1,,,1,1,,1,1,1,1,,1,1,1,,1,1,,1,,,1,,,1,1,,1,1,1,1,,,,,1,,1,1,1,,1,,1,,1,1,,,1,
SEAT,LEÓN,2020,FR TM,,,,1,,,,1,,,,,1,,,1,,,,,1,,,,1,,,,,1,,,1,,,1,1,,,,,,1,,,1,1,,1,,,1,1,1,,1,,,1,1,1,,1,,,1,1,,1,1,1,1,,1,1,1,,1,1,,1,,,1,,,1,1,,1,1,1,1,,,,,1,,1,1,1,,1,,1,,1,1,,,1,
SEAT,LEÓN,2020,FR TA,,,,1,,,,1,,,,,1,,,1,,,,,1,,,,1,,,,1,,,,1,,1,,,1,,,,,1,,,1,1,,1,,,1,1,1,,1,,,1,1,1,,1,,,1,1,,1,1,1,1,,1,1,1,,1,1,,1,,,1,,,1,1,,1,1,1,1,,,,,1,,1,1,1,,1,,1,,1,1,,,1,
SEAT,ATECA,2021,STYLE TA,,,1,,,,,1,,,,,1,,,1,,,,,1,,,,1,,,,,,,,,,1,,,1,,,,,1,,,1,1,,1,,,1,1,1,,1,,1,,1,1,,,1,,,1,,1,1,1,1,,1,1,1,,1,1,,1,,,,1,,1,1,,1,1,,1,1,,,,1,,,1,1,,1,1,1,,1,1,,,1,
SEAT,ATECA,2021,XPERIENCE TA,,,1,,,,,1,,,,,1,,,1,,,,,1,,,,1,,,,,,,,,,1,,,1,,,,,1,,,1,1,,1,,,1,1,1,,1,,,1,1,1,,,1,,1,1,,1,1,1,1,,1,1,,1,1,1,,1,,,,1,,1,1,,1,1,,1,1,,,,1,,,1,1,,1,1,1,,1,1,,,,1
SEAT,ATECA,2021,FR TA,,,1,,,,,1,,,,,1,,,1,,,,,1,,,,1,,,,,,,,,,1,,,1,,,,,1,,,1,1,,1,,,1,1,1,,1,,,1,1,1,,,1,,1,1,,1,1,1,1,,1,1,,1,1,1,,1,,,,1,,1,1,,1,1,,1,1,,,,1,,,1,1,,1,1,1,,1,1,,,,1
SEAT,ARONA,2021,REFERENCE TA,,,1,,,,,1,,,,,1,,,1,,,,1,,,,,1,,,,,,,,,,,1,,1,,,,,1,,,1,1,,1,,,1,,1,,1,,1,,,,,,1,,,,,,1,1,1,1,,,1,,,1,,1,,1,,,,,1,,1,1,1,,,,,,,,,1,1,,1,,1,,1,1,,1,,
SEAT,ARONA,2021,STYLE TA,,,1,,,,,1,,,,,1,,,1,,,,1,,,,,1,,,,,,,,,,,1,,1,,,,,1,,,1,1,,1,,,1,1,1,,1,,1,,1,1,,,1,,,,,,1,1,1,1,,,1,,1,1,,1,,,1,,,1,1,,1,1,1,1,,,,,,,,1,1,,1,1,1,,1,1,,1,,
SEAT,ARONA,2021,XCELLENCE TA,,,1,,,,,1,,,,,1,,,1,,,,1,,,,,1,,,,,,,,,,,1,,1,,,,,1,,,1,1,,1,,,1,1,1,,1,,1,,1,1,,,1,,,,,1,1,1,1,,1,1,1,,1,1,,1,,,1,,,1,1,,1,1,1,1,1,,,,1,,1,1,1,,1,1,1,,1,1,,,1,
SEAT,TARRACO,2021,STYLE TA,,,1,,,,,1,,,,,1,,,1,,,,,1,,,,1,,,,,,,,,,1,,,1,,,,,,1,,1,1,,1,,,1,1,1,,,1,1,,1,1,,1,,,,,1,1,1,1,1,1,,1,,1,1,1,,1,,,,1,,1,1,,1,1,1,1,1,1,,,,1,1,1,1,,1,1,1,,1,1,,,,1
SEAT,TARRACO,2021,XCELLENCE TA,,,1,,,,,1,,,,,1,,,1,,,,,1,,,,1,,,,,,,,,,1,,,1,,,,,,1,,1,1,,1,,,1,1,1,,,1,,1,1,1,,1,,,1,,1,1,1,1,1,,1,1,,1,1,1,,1,,,,1,,1,1,,1,1,1,1,1,1,,,,1,1,1,1,,1,1,1,,1,1,,,,1
SEAT,TARRACO,2021,FR TA,,,1,,,,,1,,,,,1,,,1,,,,,1,,,,1,,,,,,,,,,1,,,1,,,,,,1,,1,1,,1,,,1,1,1,,,1,,1,1,1,,1,,,1,,1,1,1,1,1,,1,1,1,1,1,1,,1,,,,,1,1,1,,1,1,1,1,1,1,,,,1,1,1,1,,1,1,1,,1,1,,,,1
