marca,modelo,año,versión,general,confort,desempeño,tecnologia,ostentosidad,deportividad,economia,eficiencia,seguridad,nombre
NISSAN,370Z,2020,TOURING TM,8.1,5.7,9.333333333333334,6.0,9.0,8.333333333333334,3.5,4.75,8.0,NISSAN 370Z TOURING TM
NISSAN,370Z,2020,TOURING TA,8.1,5.7,9.333333333333334,6.0,9.0,8.333333333333334,3.5,4.75,8.0,NISSAN 370Z TOURING TA
NISSAN,ALTIMA,2020,SR,,,,,,,,,,NISSAN ALTIMA SR
NISSAN,ALTIMA,2020,ADVANCE,,,,,,,,,,NISSAN ALTIMA ADVANCE
NISSAN,ALTIMA,2020,EXCLUSIVE,,,,,,,,,,NISSAN ALTIMA EXCLUSIVE
NISSAN,MARCH,2020,SENSE TM,,,,,,,,,,NISSAN MARCH SENSE TM
NISSAN,MARCH,2020,SENSE TA,,,,,,,,,,NISSAN MARCH SENSE TA
NISSAN,MARCH,2020,ADVANCE TM,,,,,,,,,,NISSAN MARCH ADVANCE TM
NISSAN,MARCH,2020,ADVANCE TA,,,,,,,,,,NISSAN MARCH ADVANCE TA
NISSAN,MARCH,2020,EXCLUSIVE TA,,,,,,,,,,NISSAN MARCH EXCLUSIVE TA
NISSAN,MARCH,2020,SR TM,,,,,,,,,,NISSAN MARCH SR TM
NISSAN,KICKS,2020,SENSE TM,7.3,7.433333333333334,7.1,7.8,,7.2,,7.0,7.3,NISSAN KICKS SENSE TM
NISSAN,KICKS,2020,ADVANCE CVT,7.3,7.433333333333334,7.1,7.8,,7.2,,7.0,7.3,NISSAN KICKS ADVANCE CVT
NISSAN,KICKS,2020,EXCLUSIVE CVT,7.3,7.433333333333334,7.1,7.8,,7.2,,7.0,7.3,NISSAN KICKS EXCLUSIVE CVT
NISSAN,MURANO,2020,EXCLUSIVE AWD,8.0,7.933333333333333,7.7,8.3,,7.4,,8.0,8.1,NISSAN MURANO EXCLUSIVE AWD
NISSAN,ARMADA,2020,EXCLUSIVE 4 WD,,,,,,,,,,NISSAN ARMADA EXCLUSIVE 4 WD
NISSAN,FRONTIER,2020,PRO-4X 4X2,7.6,7.8999999999999995,7.85,8.2,,7.7,,8.0,7.8,NISSAN FRONTIER PRO-4X 4X2
NISSAN,FRONTIER,2020,PRO-4X 4X4,7.6,7.8999999999999995,7.85,8.2,,7.7,,8.0,7.8,NISSAN FRONTIER PRO-4X 4X4
NISSAN,PATHFINDER,2020,SENSE,,,,,,,,,,NISSAN PATHFINDER SENSE
NISSAN,PATHFINDER,2020,ADVANCE,,,,,,,,,,NISSAN PATHFINDER ADVANCE
NISSAN,PATHFINDER,2020,EXCLUSIVE,,,,,,,,,,NISSAN PATHFINDER EXCLUSIVE
NISSAN,PATHFINDER,2020,EXCLUSIVE 4WD,,,,,,,,,,NISSAN PATHFINDER EXCLUSIVE 4WD
NISSAN ,SENTRA,2020,SENSE TM,,,,,,,,,,NISSAN  SENTRA SENSE TM
NISSAN ,SENTRA,2020,SENSE CVT,,,,,,,,,,NISSAN  SENTRA SENSE CVT
NISSAN ,SENTRA,2020,ADVANCE TM,,,,,,,,,,NISSAN  SENTRA ADVANCE TM
NISSAN ,SENTRA,2020,ADVANCE CVT,,,,,,,,,,NISSAN  SENTRA ADVANCE CVT
NISSAN ,SENTRA,2020,SR TM,,,,,,,,,,NISSAN  SENTRA SR TM
NISSAN ,SENTRA,2020,SR CVT,,,,,,,,,,NISSAN  SENTRA SR CVT
NISSAN ,SENTRA,2020,EXCLUSIVE CVT,,,,,,,,,,NISSAN  SENTRA EXCLUSIVE CVT
NISSAN ,GT-R,2020,GT-R PREMIUM,,,,,,,,,,NISSAN  GT-R GT-R PREMIUM
NISSAN ,JUKE,2020,SENSE CVT,,,,,,,,,,NISSAN  JUKE SENSE CVT
NISSAN ,JUKE,2020,ADVANCE CVT,,,,,,,,,,NISSAN  JUKE ADVANCE CVT
NISSAN ,JUKE,2020,EXCLUSIVE MT TURBO,,,,,,,,,,NISSAN  JUKE EXCLUSIVE MT TURBO
NISSAN ,JUKE,2020,EXCLUSIVE CVT TURBO AWD,,,,,,,,,,NISSAN  JUKE EXCLUSIVE CVT TURBO AWD
NISSAN ,NOTE,2020,SENSE MT,,,,,,,,,,NISSAN  NOTE SENSE MT
NISSAN ,NOTE,2020,SENSE CVT,,,,,,,,,,NISSAN  NOTE SENSE CVT
NISSAN ,NOTE,2020,ADVANCE MT,,,,,,,,,,NISSAN  NOTE ADVANCE MT
NISSAN ,NOTE,2020,ADVANCE CVT,,,,,,,,,,NISSAN  NOTE ADVANCE CVT
NISSAN ,TIIDA SEDAN,2020,DRIVE TM,,,,,,,,,,NISSAN  TIIDA SEDAN DRIVE TM
NISSAN ,TIIDA SEDAN,2020,SENSE TM,,,,,,,,,,NISSAN  TIIDA SEDAN SENSE TM
NISSAN ,TIIDA SEDAN,2020,SENSE TA,,,,,,,,,,NISSAN  TIIDA SEDAN SENSE TA
NISSAN ,TIIDA SEDAN,2020,ADVANCE TM,,,,,,,,,,NISSAN  TIIDA SEDAN ADVANCE TM
NISSAN ,TIIDA SEDAN,2020,ADVANCE TA,,,,,,,,,,NISSAN  TIIDA SEDAN ADVANCE TA
NISSAN ,LEAF,2020,S (40KW),,,,,,,,,,NISSAN  LEAF S (40KW)
NISSAN ,LEAF,2020,SL (40KW),,,,,,,,,,NISSAN  LEAF SL (40KW)
NISSAN ,LEAF,2020,SL BITONO (40KW),,,,,,,,,,NISSAN  LEAF SL BITONO (40KW)
NISSAN ,MAXIMA,2020,ADVANCE,,,,,,,,,,NISSAN  MAXIMA ADVANCE
NISSAN ,MAXIMA,2020,SR,,,,,,,,,,NISSAN  MAXIMA SR
NISSAN ,MAXIMA,2020,EXCLUSIVE,,,,,,,,,,NISSAN  MAXIMA EXCLUSIVE
NISSAN ,NP300 FRONTIER,2020,XE TM AC PAQ. SEG. 6 VEL.,,,,,,,,,,NISSAN  NP300 FRONTIER XE TM AC PAQ. SEG. 6 VEL.
NISSAN ,NP300 FRONTIER,2020,LE TM AC 6 VEL.,,,,,,,,,,NISSAN  NP300 FRONTIER LE TM AC 6 VEL.
NISSAN ,NP300 FRONTIER,2020,PLATINUM LE TM AC 6 VEL.,,,,,,,,,,NISSAN  NP300 FRONTIER PLATINUM LE TM AC 6 VEL.
NISSAN ,NP300 FRONTIER,2020,COBLE CABINA DIESEL 4X4 TM AC PAQ. SEG. 6 VEL.,,,,,,,,,,NISSAN  NP300 FRONTIER COBLE CABINA DIESEL 4X4 TM AC PAQ. SEG. 6 VEL.
NISSAN ,NP300 FRONTIER,2020,LE 4X4 TA DIESEL,,,,,,,,,,NISSAN  NP300 FRONTIER LE 4X4 TA DIESEL
NISSAN ,VERSA,2020,SENSE TM,,,,,,,,,,NISSAN  VERSA SENSE TM
NISSAN ,VERSA,2020,SENSE TA,,,,,,,,,,NISSAN  VERSA SENSE TA
NISSAN ,VERSA,2020,ADVACE TM,,,,,,,,,,NISSAN  VERSA ADVACE TM
NISSAN ,VERSA,2020,ADVANCE TA,,,,,,,,,,NISSAN  VERSA ADVANCE TA
NISSAN ,VERSA,2020,EXCLUSIVE TA,,,,,,,,,,NISSAN  VERSA EXCLUSIVE TA
NISSAN ,X-TRAIL,2020,SENSE 2ROW,,,,,,,,,,NISSAN  X-TRAIL SENSE 2ROW
NISSAN ,X-TRAIL,2020,SENSE 3ROW,,,,,,,,,,NISSAN  X-TRAIL SENSE 3ROW
NISSAN ,X-TRAIL,2020,ADVANCE 2ROW,,,,,,,,,,NISSAN  X-TRAIL ADVANCE 2ROW
NISSAN ,X-TRAIL,2020,ADVANCE 3ROW,,,,,,,,,,NISSAN  X-TRAIL ADVANCE 3ROW
NISSAN ,X-TRAIL,2020,EXCLUSIVE 2ROW,,,,,,,,,,NISSAN  X-TRAIL EXCLUSIVE 2ROW
NISSAN ,X-TRAIL,2020,EXCLUSIVE 3ROW,,,,,,,,,,NISSAN  X-TRAIL EXCLUSIVE 3ROW
NISSAN ,X-TRAIL,2020,EXCLUSIVE HEV,,,,,,,,,,NISSAN  X-TRAIL EXCLUSIVE HEV
AUDI,A5 COUPE,2019,A5 40 TFSI SELECT,7.9,8.133333333333333,8.35,7.9,,8.5,,8.2,8.0,AUDI A5 COUPE A5 40 TFSI SELECT
AUDI,A5 COUPE,2019,A5 40 TFSI S LINE,7.9,8.133333333333333,8.35,7.9,,8.5,,8.2,8.0,AUDI A5 COUPE A5 40 TFSI S LINE
AUDI,A5 COUPE,2019,A5 45 TFSI ELITE QUATTRO,7.9,8.133333333333333,8.35,7.9,,8.5,,8.2,8.0,AUDI A5 COUPE A5 45 TFSI ELITE QUATTRO
AUDI,A5 COUPE,2019,A5 45 TFSI S LINE QUATTRO,7.9,8.133333333333333,8.35,7.9,,8.5,,8.2,8.0,AUDI A5 COUPE A5 45 TFSI S LINE QUATTRO
AUDI,A6,2019,A6 55 TFSI ELITE QUATTRO,9.2,6.4,10.0,10.0,9.5,7.333333333333333,3.3333333333333335,5.0,9.0,AUDI A6 A6 55 TFSI ELITE QUATTRO
AUDI,A6,2019,A6 55 TFSI S LINE QUATTRO,9.2,6.4,10.0,10.0,9.5,7.333333333333333,3.3333333333333335,5.0,9.0,AUDI A6 A6 55 TFSI S LINE QUATTRO
AUDI,A7,2019,A7 55 TFSI ELITE QUATTRO,,3.0,,,,4.0,1.0,1.0,,AUDI A7 A7 55 TFSI ELITE QUATTRO
AUDI,A7,2019,A7 55 TFSI S LINE QUTTRO,,3.0,,,,4.0,1.0,1.0,,AUDI A7 A7 55 TFSI S LINE QUTTRO
AUDI,A5 SPORTBACK,2019,A5 SB 40 TFSI SELECT,3.7,3.0,,,,4.0,1.0,1.5,,AUDI A5 SPORTBACK A5 SB 40 TFSI SELECT
AUDI,A5 SPORTBACK,2019,A5 SB 40 TFSI S LINE,3.7,3.0,,,,4.0,1.0,1.5,,AUDI A5 SPORTBACK A5 SB 40 TFSI S LINE
AUDI,A5 SPORTBACK,2019,A5 SB 45 TFSI ELITE QUATTRO,3.7,3.0,,,,4.0,1.0,1.5,,AUDI A5 SPORTBACK A5 SB 45 TFSI ELITE QUATTRO
AUDI,A5 SPORTBACK,2019,A5 SB 45 TFSI S LINE QUATTRO,3.7,3.0,,,,4.0,1.0,1.5,,AUDI A5 SPORTBACK A5 SB 45 TFSI S LINE QUATTRO
AUDI,TTS,2020,TTS TFSI QUATTRO,,,,,,,,,,AUDI TTS TTS TFSI QUATTRO
AUDI,A4,2020,A4 40 TFSI DYNAMIC,,2.0,,,,2.0,1.0,1.5,,AUDI A4 A4 40 TFSI DYNAMIC
AUDI,A4,2020,A4 40 TFSI SELECT,,2.0,,,,2.0,1.0,1.5,,AUDI A4 A4 40 TFSI SELECT
AUDI,A4,2020,A4 40 TFSI S LINE,,2.0,,,,2.0,1.0,1.5,,AUDI A4 A4 40 TFSI S LINE
AUDI,A3 CABRIOLET,2020,A3CABRIOLET 40 TFSI SELECT,,,,,,,,,,AUDI A3 CABRIOLET A3CABRIOLET 40 TFSI SELECT
AUDI,A3 CABRIOLET,2020,A3CABRIOLET 40 TFSI S LINE,,,,,,,,,,AUDI A3 CABRIOLET A3CABRIOLET 40 TFSI S LINE
AUDI,A3 SEDAN,2020,A3 SEDÁN 35 TFSI DYNAMIC,3.6,2.0,,,,2.0,1.0,1.5,,AUDI A3 SEDAN A3 SEDÁN 35 TFSI DYNAMIC
AUDI,A3 SEDAN,2020,A3 SEDÁN 35 TFSI SELECT,3.6,2.0,,,,2.0,1.0,1.5,,AUDI A3 SEDAN A3 SEDÁN 35 TFSI SELECT
AUDI,A3 SEDAN,2020,A3 SEDÁN 40 TFSI DYNAMIC,3.6,2.0,,,,2.0,1.0,1.5,,AUDI A3 SEDAN A3 SEDÁN 40 TFSI DYNAMIC
AUDI,A3 SEDAN,2020,A3 SEDÁN 40 TFSI SELECT,3.6,2.0,,,,2.0,1.0,1.5,,AUDI A3 SEDAN A3 SEDÁN 40 TFSI SELECT
AUDI,A3 SEDAN,2020,A3 SEDÁN 40 TFSI S LINE,3.6,2.0,,,,2.0,1.0,1.5,,AUDI A3 SEDAN A3 SEDÁN 40 TFSI S LINE
AUDI,A8 ,2020,3.0 TFSI QUATTRO,9.1,6.7,8.666666666666666,10.0,10.0,6.333333333333333,3.3333333333333335,6.125,10.0,AUDI A8  3.0 TFSI QUATTRO
AUDI,Q2,2020,Q2 35 TFSI DYNAMIC,6.6000000000000005,6.5125,8.78,7.95,9.0,6.95,3.0,5.62,8.45,AUDI Q2 Q2 35 TFSI DYNAMIC
AUDI,Q2,2020,Q2 35 TFSI SELECT,6.6000000000000005,6.5125,8.78,7.95,9.0,6.95,3.0,5.62,8.45,AUDI Q2 Q2 35 TFSI SELECT
AUDI,Q2,2020,Q2 35 TFSI SPORT,6.6000000000000005,6.5125,8.78,7.95,9.0,6.95,3.0,5.62,8.45,AUDI Q2 Q2 35 TFSI SPORT
AUDI,Q2,2020,Q2 35 TFSI S LINE,6.6000000000000005,6.5125,8.78,7.95,9.0,6.95,3.0,5.62,8.45,AUDI Q2 Q2 35 TFSI S LINE
AUDI,Q2,2020,Q2 40 TFSI S LINE QUATTRO,6.6000000000000005,6.5125,8.78,7.95,9.0,6.95,3.0,5.62,8.45,AUDI Q2 Q2 40 TFSI S LINE QUATTRO
AUDI,A1 SPORTBACK,2020,A1 SB 30 TFSI URBAN,,,,,,,,,,AUDI A1 SPORTBACK A1 SB 30 TFSI URBAN
AUDI,A1 SPORTBACK,2020,A1 SB 30  TFSI COOL,,,,,,,,,,AUDI A1 SPORTBACK A1 SB 30  TFSI COOL
AUDI,A1 SPORTBACK,2020,A1 SB 35  TFSI EGO,,,,,,,,,,AUDI A1 SPORTBACK A1 SB 35  TFSI EGO
AUDI,A1 SPORTBACK,2020,A1 SB 40  TFSI S LINE,,,,,,,,,,AUDI A1 SPORTBACK A1 SB 40  TFSI S LINE
AUDI,Q5,2020,Q5 45 TFSI DYNAMIC QUATTRO,6.0,5.84,8.1,8.6,,4.6,1.0,3.6666666666666665,8.4,AUDI Q5 Q5 45 TFSI DYNAMIC QUATTRO
AUDI,Q5,2020,Q5 45 TFSI SELECT QUATTRO,6.0,5.84,8.1,8.6,,4.6,1.0,3.6666666666666665,8.4,AUDI Q5 Q5 45 TFSI SELECT QUATTRO
AUDI,Q5,2020,Q5 45 TFSI ELITE QUATTRO,6.0,5.84,8.1,8.6,,4.6,1.0,3.6666666666666665,8.4,AUDI Q5 Q5 45 TFSI ELITE QUATTRO
AUDI,Q5,2020,Q5 45 TFSI S LINE QUATTRO,6.0,5.84,8.1,8.6,,4.6,1.0,3.6666666666666665,8.4,AUDI Q5 Q5 45 TFSI S LINE QUATTRO
AUDI,Q7,2020,Q7 55 TFSI SELECT QUATTRO,6.300000000000001,6.6,8.666666666666666,10.0,9.0,6.0,3.1666666666666665,4.0,9.0,AUDI Q7 Q7 55 TFSI SELECT QUATTRO
AUDI,Q7,2020,Q7 55 TFSI ELITE QUATTRO,6.300000000000001,6.6,8.666666666666666,10.0,9.0,6.0,3.1666666666666665,4.0,9.0,AUDI Q7 Q7 55 TFSI ELITE QUATTRO
AUDI,Q7,2020,Q7 55 TFSI S LINE QUATTRO,6.300000000000001,6.6,8.666666666666666,10.0,9.0,6.0,3.1666666666666665,4.0,9.0,AUDI Q7 Q7 55 TFSI S LINE QUATTRO
AUDI,Q7,2020,Q7 45 TDI ELITE QUATTRO,6.300000000000001,6.6,8.666666666666666,10.0,9.0,6.0,3.1666666666666665,4.0,9.0,AUDI Q7 Q7 45 TDI ELITE QUATTRO
AUDI,Q8,2020,Q8 55  TFSI ELITE QUATTRO,8.2,6.38,8.2,8.0,,7.05,1.0,3.4333333333333336,8.8,AUDI Q8 Q8 55  TFSI ELITE QUATTRO
AUDI,Q8,2020,Q8 55  S LINE QUATTRO,8.2,6.38,8.2,8.0,,7.05,1.0,3.4333333333333336,8.8,AUDI Q8 Q8 55  S LINE QUATTRO
CHEVROLET,COLORADO,2020,LT 4X2 PAQ.B,,,,,,,,,,CHEVROLET COLORADO LT 4X2 PAQ.B
CHEVROLET,COLORADO,2020,LT 4X4 PAQ.C,,,,,,,,,,CHEVROLET COLORADO LT 4X4 PAQ.C
CHEVROLET,BEAT HATCHBACK,2020,LS,,,,,,,,,,CHEVROLET BEAT HATCHBACK LS
CHEVROLET,BEAT HATCHBACK,2020,LT,,,,,,,,,,CHEVROLET BEAT HATCHBACK LT
CHEVROLET,BEAT HATCHBACK,2020,ACTIV,,,,,,,,,,CHEVROLET BEAT HATCHBACK ACTIV
CHEVROLET,BEAT HATCHBACK,2020,LTZ,,,,,,,,,,CHEVROLET BEAT HATCHBACK LTZ
CHEVROLET,BEAT NOTCHBACK,2020,LS,,,,,,,,,,CHEVROLET BEAT NOTCHBACK LS
CHEVROLET,BEAT NOTCHBACK,2020,LT,,,,,,,,,,CHEVROLET BEAT NOTCHBACK LT
CHEVROLET,BEAT NOTCHBACK,2020,LTZ,,,,,,,,,,CHEVROLET BEAT NOTCHBACK LTZ
CHEVROLET,CAMARO,2020,SS,7.5,7.6000000000000005,7.8,7.2,,8.0,,7.6,7.6,CHEVROLET CAMARO SS
CHEVROLET,CAMARO,2020,ZL1 COUPÉ,7.5,7.6000000000000005,7.8,7.2,,8.0,,7.6,7.6,CHEVROLET CAMARO ZL1 COUPÉ
CHEVROLET,CAMARO,2020,ZL1 CONVERTIBLE,7.5,7.6000000000000005,7.8,7.2,,8.0,,7.6,7.6,CHEVROLET CAMARO ZL1 CONVERTIBLE
CHEVROLET,CAVALIER,2020,LS MANUAL,,,,,,,,,,CHEVROLET CAVALIER LS MANUAL
CHEVROLET,CAVALIER,2020,LS AUTOMÁTICO,,,,,,,,,,CHEVROLET CAVALIER LS AUTOMÁTICO
CHEVROLET,CAVALIER,2020,LT AUTOMÁTICO,,,,,,,,,,CHEVROLET CAVALIER LT AUTOMÁTICO
CHEVROLET,CAVALIER,2020,PREMIER AUTOMÁTICO,,,,,,,,,,CHEVROLET CAVALIER PREMIER AUTOMÁTICO
CHEVROLET,CORVETTE,2020,Z51 COUPE,,,,,,,,,,CHEVROLET CORVETTE Z51 COUPE
CHEVROLET,CORVETTE,2020,Z51 COUPE PERFORMANCE PACKAGE,,,,,,,,,,CHEVROLET CORVETTE Z51 COUPE PERFORMANCE PACKAGE
CHEVROLET,EQUINOX,2020,LS,7.7,8.433333333333332,7.7,9.1,7.5,7.8999999999999995,7.5,7.433333333333334,8.35,CHEVROLET EQUINOX LS
CHEVROLET,EQUINOX,2020,LT,7.7,8.433333333333332,7.7,9.1,7.5,7.8999999999999995,7.5,7.433333333333334,8.35,CHEVROLET EQUINOX LT
CHEVROLET,EQUINOX,2020,PREMIER PLUS,7.7,8.433333333333332,7.7,9.1,7.5,7.8999999999999995,7.5,7.433333333333334,8.35,CHEVROLET EQUINOX PREMIER PLUS
CHEVROLET,SPARK,2020,LT,7.5,7.333333333333333,7.666666666666667,9.0,7.0,8.0,7.0,8.0,8.0,CHEVROLET SPARK LT
CHEVROLET,SPARK,2020,LT CVT ,7.5,7.333333333333333,7.666666666666667,9.0,7.0,8.0,7.0,8.0,8.0,CHEVROLET SPARK LT CVT 
CHEVROLET,SPARK,2020,PREMIER,7.5,7.333333333333333,7.666666666666667,9.0,7.0,8.0,7.0,8.0,8.0,CHEVROLET SPARK PREMIER
CHEVROLET,SPARK,2020,PREMIER CVT,7.5,7.333333333333333,7.666666666666667,9.0,7.0,8.0,7.0,8.0,8.0,CHEVROLET SPARK PREMIER CVT
CHEVROLET,SPARK,2020,ACTIV,7.5,7.333333333333333,7.666666666666667,9.0,7.0,8.0,7.0,8.0,8.0,CHEVROLET SPARK ACTIV
CHEVROLET,TORNADO,2020,LS,,,,,,,,,,CHEVROLET TORNADO LS
CHEVROLET,TORNADO,2020,LS A/A,,,,,,,,,,CHEVROLET TORNADO LS A/A
CHEVROLET,TORNADO,2020,LT,,,,,,,,,,CHEVROLET TORNADO LT
CHEVROLET,TRAVERSE,2020,LT  7 PASAJEROS,,,,,,,,,,CHEVROLET TRAVERSE LT  7 PASAJEROS
CHEVROLET,TRAVERSE,2020,LT  8PASAJEROS,,,,,,,,,,CHEVROLET TRAVERSE LT  8PASAJEROS
CHEVROLET,TRAX,2020,LS,,,,,,,,,,CHEVROLET TRAX LS
CHEVROLET,TRAX,2020,LT,,,,,,,,,,CHEVROLET TRAX LT
CHEVROLET,TRAX,2020,PREMIER,,,,,,,,,,CHEVROLET TRAX PREMIER
CHEVROLET,BLAZER,2020,TELA,8.1,9.0,8.0,9.0,8.5,8.0,8.0,7.0,9.0,CHEVROLET BLAZER TELA
CHEVROLET,BLAZER,2020,PIEL,8.1,9.0,8.0,9.0,8.5,8.0,8.0,7.0,9.0,CHEVROLET BLAZER PIEL
CHEVROLET,BLAZER,2020,RS,8.1,9.0,8.0,9.0,8.5,8.0,8.0,7.0,9.0,CHEVROLET BLAZER RS
CHEVROLET,CHEYENNE,2020,CABINA REGULAR LT 4X2,8.5,9.666666666666666,8.333333333333334,10.0,8.0,8.0,8.5,7.0,10.0,CHEVROLET CHEYENNE CABINA REGULAR LT 4X2
CHEVROLET,CHEYENNE,2020,CABINA REGULAR LT 4X4,8.5,9.666666666666666,8.333333333333334,10.0,8.0,8.0,8.5,7.0,10.0,CHEVROLET CHEYENNE CABINA REGULAR LT 4X4
CHEVROLET,CHEYENNE,2020,DOBLE CABINA RST 4X4,8.5,9.666666666666666,8.333333333333334,10.0,8.0,8.0,8.5,7.0,10.0,CHEVROLET CHEYENNE DOBLE CABINA RST 4X4
CHEVROLET,CHEYENNE,2020,DOBLE CABINA  TRALL BOSS 4X4,8.5,9.666666666666666,8.333333333333334,10.0,8.0,8.0,8.5,7.0,10.0,CHEVROLET CHEYENNE DOBLE CABINA  TRALL BOSS 4X4
CHEVROLET,CHEYENNE,2020,DOBLE CABINA LTZ 4X4,8.5,9.666666666666666,8.333333333333334,10.0,8.0,8.0,8.5,7.0,10.0,CHEVROLET CHEYENNE DOBLE CABINA LTZ 4X4
CHEVROLET,CHEYENNE,2020,DOBLE CABINA HIGH COUNTRY 4X4,8.5,9.666666666666666,8.333333333333334,10.0,8.0,8.0,8.5,7.0,10.0,CHEVROLET CHEYENNE DOBLE CABINA HIGH COUNTRY 4X4
CHEVROLET,SUBURBAN,2020,LS TELA,,,,,,,,,,CHEVROLET SUBURBAN LS TELA
CHEVROLET,SUBURBAN,2020,LT BANCA,,,,,,,,,,CHEVROLET SUBURBAN LT BANCA
CHEVROLET,SUBURBAN,2020,LT,,,,,,,,,,CHEVROLET SUBURBAN LT
CHEVROLET,SUBURBAN,2020,PREMIER,,,,,,,,,,CHEVROLET SUBURBAN PREMIER
CHEVROLET,TAHOE,2020,LS TELA,,,,,,,,,,CHEVROLET TAHOE LS TELA
CHEVROLET,TAHOE,2020,LT BANCA,,,,,,,,,,CHEVROLET TAHOE LT BANCA
CHEVROLET,TAHOE,2020,LT,,,,,,,,,,CHEVROLET TAHOE LT
CHEVROLET,TAHOE,2020,PREMIER,,,,,,,,,,CHEVROLET TAHOE PREMIER
CHEVROLET,TRACKER,2020,LS MT,8.05,8.183333333333334,7.720000000000001,8.6,8.5,7.8,10.0,8.4,8.5,CHEVROLET TRACKER LS MT
CHEVROLET,TRACKER,2020,LS AT,8.05,8.183333333333334,7.720000000000001,8.6,8.5,7.8,10.0,8.4,8.5,CHEVROLET TRACKER LS AT
CHEVROLET,TRACKER,2020,LT AT,8.05,8.183333333333334,7.720000000000001,8.6,8.5,7.8,10.0,8.4,8.5,CHEVROLET TRACKER LT AT
CHEVROLET,TRACKER,2020,LTZ AT AWD,8.05,8.183333333333334,7.720000000000001,8.6,8.5,7.8,10.0,8.4,8.5,CHEVROLET TRACKER LTZ AT AWD
CHEVROLET,ONIX,2020,LS TM,7.9,7.733333333333333,7.7,7.8,,7.5,,7.9,7.9,CHEVROLET ONIX LS TM
CHEVROLET,ONIX,2020,LS TA,7.9,7.733333333333333,7.7,7.8,,7.5,,7.9,7.9,CHEVROLET ONIX LS TA
CHEVROLET,ONIX,2020,LT  TM,7.9,7.733333333333333,7.7,7.8,,7.5,,7.9,7.9,CHEVROLET ONIX LT  TM
CHEVROLET,ONIX,2020,LT TA,7.9,7.733333333333333,7.7,7.8,,7.5,,7.9,7.9,CHEVROLET ONIX LT TA
CHEVROLET,ONIX,2020,PREMIER L,7.9,7.733333333333333,7.7,7.8,,7.5,,7.9,7.9,CHEVROLET ONIX PREMIER L
VOLKSWAGEN,SAVEIRO,2019,SAVEIRO CABINA SENCILLA,6.9,6.866666666666667,7.0,7.0,,6.9,,7.1,6.7,VOLKSWAGEN SAVEIRO SAVEIRO CABINA SENCILLA
VOLKSWAGEN,GOL,2020,MANUAL 5U7TF4,6.533333333333334,6.625,8.08,8.15,8.25,6.325,3.0,5.5200000000000005,6.95,VOLKSWAGEN GOL MANUAL 5U7TF4
VOLKSWAGEN,POLO,2020,STAR LINE MANUAL 6032G4 + PMJ,5.5,5.140000000000001,7.65,7.6,,4.3,1.0,4.233333333333333,7.5,VOLKSWAGEN POLO STAR LINE MANUAL 6032G4 + PMJ
VOLKSWAGEN,POLO,2020,STAR LINE AUTOMÁTICA 6032G3 + PMJ,5.5,5.140000000000001,7.65,7.6,,4.3,1.0,4.233333333333333,7.5,VOLKSWAGEN POLO STAR LINE AUTOMÁTICA 6032G3 + PMJ
VOLKSWAGEN,POLO,2020,COMFORTLINE PLUS MANUAL 6.32G4 + P71,5.5,5.140000000000001,7.65,7.6,,4.3,1.0,4.233333333333333,7.5,VOLKSWAGEN POLO COMFORTLINE PLUS MANUAL 6.32G4 + P71
VOLKSWAGEN,POLO,2020,COMFORTLINE PLUS AUTOMÁTICA 6032G3 + P71,5.5,5.140000000000001,7.65,7.6,,4.3,1.0,4.233333333333333,7.5,VOLKSWAGEN POLO COMFORTLINE PLUS AUTOMÁTICA 6032G3 + P71
VOLKSWAGEN,PASSAT,2020,COMFORTLINE TIPTRONIC (6) A332S6,8.3,6.3,8.25,8.6,,4.7,1.0,3.6999999999999997,8.5,VOLKSWAGEN PASSAT COMFORTLINE TIPTRONIC (6) A332S6
VOLKSWAGEN,PASSAT,2020,SPORTLINE TIPTRONIC (6) A333S6,8.3,6.3,8.25,8.6,,4.7,1.0,3.6999999999999997,8.5,VOLKSWAGEN PASSAT SPORTLINE TIPTRONIC (6) A333S6
VOLKSWAGEN,PASSAT,2020,HIGHLINE TIPTRONIC (6) A333S6,8.3,6.3,8.25,8.6,,4.7,1.0,3.6999999999999997,8.5,VOLKSWAGEN PASSAT HIGHLINE TIPTRONIC (6) A333S6
VOLKSWAGEN,PASSAT,2020,V6 DSG (6) A334T6,8.3,6.3,8.25,8.6,,4.7,1.0,3.6999999999999997,8.5,VOLKSWAGEN PASSAT V6 DSG (6) A334T6
VOLKSWAGEN,TERAMONT,2019,TRENDLINE TIPTRONIC (8),8.2,8.666666666666666,8.5,8.5,8.25,8.25,7.5,6.75,10.0,VOLKSWAGEN TERAMONT TRENDLINE TIPTRONIC (8)
VOLKSWAGEN,TERAMONT,2019,COMFORTLINE TIPTRONIC (8),8.2,8.666666666666666,8.5,8.5,8.25,8.25,7.5,6.75,10.0,VOLKSWAGEN TERAMONT COMFORTLINE TIPTRONIC (8)
VOLKSWAGEN,TERAMONT,2019,COMFORTLINE PLUS TIPTONIC (8),8.2,8.666666666666666,8.5,8.5,8.25,8.25,7.5,6.75,10.0,VOLKSWAGEN TERAMONT COMFORTLINE PLUS TIPTONIC (8)
VOLKSWAGEN,TERAMONT,2019,HIGHLINE TIPTRONIC (8),8.2,8.666666666666666,8.5,8.5,8.25,8.25,7.5,6.75,10.0,VOLKSWAGEN TERAMONT HIGHLINE TIPTRONIC (8)
VOLKSWAGEN,GOLF,2020,COMFORTLINE DSG (7),5.9,5.700000000000001,8.2,8.3,,4.65,1.0,3.6999999999999997,7.9,VOLKSWAGEN GOLF COMFORTLINE DSG (7)
VOLKSWAGEN,GOLF,2020,HIGHLINE DSG (7),5.9,5.700000000000001,8.2,8.3,,4.65,1.0,3.6999999999999997,7.9,VOLKSWAGEN GOLF HIGHLINE DSG (7)
VOLKSWAGEN,GOLF GTI,2020,GTI  DSG (6),6.199999999999999,6.140000000000001,8.35,8.2,,6.8,1.0,3.6999999999999997,7.9,VOLKSWAGEN GOLF GTI GTI  DSG (6)
VOLKSWAGEN,JETTA,2021,TRENDLINE MANUAL(6) BU32PX,9.0,9.333333333333334,9.333333333333334,10.0,8.75,9.0,7.5,8.5,10.0,VOLKSWAGEN JETTA TRENDLINE MANUAL(6) BU32PX
VOLKSWAGEN,JETTA,2021,TRENDLINE TIPTRONIC (6) BU32PY,9.0,9.333333333333334,9.333333333333334,10.0,8.75,9.0,7.5,8.5,10.0,VOLKSWAGEN JETTA TRENDLINE TIPTRONIC (6) BU32PY
VOLKSWAGEN,JETTA,2021,CMFORTLINE TIPTRONIC (6) BU33PY),9.0,9.333333333333334,9.333333333333334,10.0,8.75,9.0,7.5,8.5,10.0,VOLKSWAGEN JETTA CMFORTLINE TIPTRONIC (6) BU33PY)
VOLKSWAGEN,JETTA,2021,R-LINE TIPTONIC (6) BU33PY + WY6,9.0,9.333333333333334,9.333333333333334,10.0,8.75,9.0,7.5,8.5,10.0,VOLKSWAGEN JETTA R-LINE TIPTONIC (6) BU33PY + WY6
VOLKSWAGEN,JETTA,2021,HIGHLINE TIPTRONIC (6) BU34PY,9.0,9.333333333333334,9.333333333333334,10.0,8.75,9.0,7.5,8.5,10.0,VOLKSWAGEN JETTA HIGHLINE TIPTRONIC (6) BU34PY
VOLKSWAGEN,VENTO ,2020,STARTLINE  MANUAL (5),7.9,8.033333333333333,8.1,8.1,,8.1,,8.1,7.9,VOLKSWAGEN VENTO  STARTLINE  MANUAL (5)
VOLKSWAGEN,VENTO ,2020,STARTLINE  TIPTRONIC (6),7.9,8.033333333333333,8.1,8.1,,8.1,,8.1,7.9,VOLKSWAGEN VENTO  STARTLINE  TIPTRONIC (6)
VOLKSWAGEN,VENTO ,2020,COMFORT PLUS MANUAL (5),7.9,8.033333333333333,8.1,8.1,,8.1,,8.1,7.9,VOLKSWAGEN VENTO  COMFORT PLUS MANUAL (5)
VOLKSWAGEN,VENTO ,2020,COMFORTLINE PLUS TIPTRONIC (6),7.9,8.033333333333333,8.1,8.1,,8.1,,8.1,7.9,VOLKSWAGEN VENTO  COMFORTLINE PLUS TIPTRONIC (6)
VOLKSWAGEN,T-CROSS,2021,TRENDLINE TIPTRONIC (6) BF 12T3,6.366666666666667,6.95,7.76,8.75,8.5,6.15,3.0,5.04,8.0,VOLKSWAGEN T-CROSS TRENDLINE TIPTRONIC (6) BF 12T3
VOLKSWAGEN,T-CROSS,2021,COMFORTLINE TIPTRONIC (6) BF 13T3,6.366666666666667,6.95,7.76,8.75,8.5,6.15,3.0,5.04,8.0,VOLKSWAGEN T-CROSS COMFORTLINE TIPTRONIC (6) BF 13T3
VOLKSWAGEN,T-CROSS,2021,HIGHLINE TIPTRONIC (6) BF 14T3,6.366666666666667,6.95,7.76,8.75,8.5,6.15,3.0,5.04,8.0,VOLKSWAGEN T-CROSS HIGHLINE TIPTRONIC (6) BF 14T3
VOLKSWAGEN,TIGUAN,2021,TRENDLINE PLUS DSG (6) BW22N6 ,8.0,5.659999999999999,7.95,8.1,,4.5,1.0,3.6333333333333333,8.2,VOLKSWAGEN TIGUAN TRENDLINE PLUS DSG (6) BW22N6 
VOLKSWAGEN,TIGUAN,2021,COMFORTLINE DSG (6) BW23N6 ,8.0,5.659999999999999,7.95,8.1,,4.5,1.0,3.6333333333333333,8.2,VOLKSWAGEN TIGUAN COMFORTLINE DSG (6) BW23N6 
VOLKSWAGEN,TIGUAN,2021,R-LINE DSG (6) BW23N6 + W9F,8.0,5.659999999999999,7.95,8.1,,4.5,1.0,3.6333333333333333,8.2,VOLKSWAGEN TIGUAN R-LINE DSG (6) BW23N6 + W9F
VOLKSWAGEN,TIGUAN,2021,GHIGHLINE DSG (7) BW24LT,8.0,5.659999999999999,7.95,8.1,,4.5,1.0,3.6333333333333333,8.2,VOLKSWAGEN TIGUAN GHIGHLINE DSG (7) BW24LT
JEEP,CHEROKEE,2020,LIMITED,7.4,5.08,7.4,7.2,,4.25,1.0,3.4333333333333336,7.7,JEEP CHEROKEE LIMITED
JEEP,CHEROKEE,2020,OVERLAND,7.4,5.08,7.4,7.2,,4.25,1.0,3.4333333333333336,7.7,JEEP CHEROKEE OVERLAND
JEEP,CHEROKEE,2020,TRAILHAWK,7.4,5.08,7.4,7.2,,4.25,1.0,3.4333333333333336,7.7,JEEP CHEROKEE TRAILHAWK
JEEP,COMPASS,2020,COMPASS LATITUDE,7.6,5.48,7.35,7.8,,4.35,1.0,3.0,7.9,JEEP COMPASS COMPASS LATITUDE
JEEP,COMPASS,2020,COMPASS LIMITED,7.6,5.48,7.35,7.8,,4.35,1.0,3.0,7.9,JEEP COMPASS COMPASS LIMITED
JEEP,COMPASS,2020,COMPASS LIMITED PREMIUM,7.6,5.48,7.35,7.8,,4.35,1.0,3.0,7.9,JEEP COMPASS COMPASS LIMITED PREMIUM
JEEP,GRAND CHEROKEE,2020,LAREDO V6 4X2,,2.0,,,,1.0,1.0,1.0,,JEEP GRAND CHEROKEE LAREDO V6 4X2
JEEP,GRAND CHEROKEE,2020,LIMITED LUJO V6 4X2,,2.0,,,,1.0,1.0,1.0,,JEEP GRAND CHEROKEE LIMITED LUJO V6 4X2
JEEP,GRAND CHEROKEE,2020,LIMITED LUJO V8 4X4,,2.0,,,,1.0,1.0,1.0,,JEEP GRAND CHEROKEE LIMITED LUJO V8 4X4
JEEP,GRAND CHEROKEE,2020,LIMITED LUJO ADVANCED V8 4X4,,2.0,,,,1.0,1.0,1.0,,JEEP GRAND CHEROKEE LIMITED LUJO ADVANCED V8 4X4
JEEP,GRAND CHEROKEE,2020,SUMMIT ELITE PLATINUM V8 4X4,,2.0,,,,1.0,1.0,1.0,,JEEP GRAND CHEROKEE SUMMIT ELITE PLATINUM V8 4X4
JEEP,GRAND CHEROKEE,2020,STR V8 4X4,,2.0,,,,1.0,1.0,1.0,,JEEP GRAND CHEROKEE STR V8 4X4
JEEP,GRAND CHEROKEE,2020,TRACKHAWK V8 4X4,,2.0,,,,1.0,1.0,1.0,,JEEP GRAND CHEROKEE TRACKHAWK V8 4X4
JEEP,RENEGADE,2020,SPORT,7.4,5.200000000000001,7.35,7.3,,4.15,1.0,3.1333333333333333,7.4,JEEP RENEGADE SPORT
JEEP,RENEGADE,2020,LATITUDE,7.4,5.200000000000001,7.35,7.3,,4.15,1.0,3.1333333333333333,7.4,JEEP RENEGADE LATITUDE
JEEP,RENEGADE,2020,LIMITED,7.4,5.200000000000001,7.35,7.3,,4.15,1.0,3.1333333333333333,7.4,JEEP RENEGADE LIMITED
JEEP,WRANGLER,2020,JEEP WRANGLER SPORT S MILD HYBRID,5.6,5.8,7.5,7.6,,4.2,1.0,3.1999999999999997,8.0,JEEP WRANGLER JEEP WRANGLER SPORT S MILD HYBRID
JEEP,WRANGLER,2020,JEEP WRANGLER RUBICON,5.6,5.8,7.5,7.6,,4.2,1.0,3.1999999999999997,8.0,JEEP WRANGLER JEEP WRANGLER RUBICON
JEEP,WRANGLER,2020,JEEP WRANGLER RUBICON OPC. DELUXE,5.6,5.8,7.5,7.6,,4.2,1.0,3.1999999999999997,8.0,JEEP WRANGLER JEEP WRANGLER RUBICON OPC. DELUXE
JEEP,WRANGLER,2020,JEEP WRANGLER UNLIMITED SPORT S MILD-HYBRID,5.6,5.8,7.5,7.6,,4.2,1.0,3.1999999999999997,8.0,JEEP WRANGLER JEEP WRANGLER UNLIMITED SPORT S MILD-HYBRID
JEEP,WRANGLER,2020,JEEP WRANGLER UNLIMITED SAHARA MILD-HYBRID,5.6,5.8,7.5,7.6,,4.2,1.0,3.1999999999999997,8.0,JEEP WRANGLER JEEP WRANGLER UNLIMITED SAHARA MILD-HYBRID
JEEP,WRANGLER,2020,JEEP WRANGLER UNLIMITED RUBICON,5.6,5.8,7.5,7.6,,4.2,1.0,3.1999999999999997,8.0,JEEP WRANGLER JEEP WRANGLER UNLIMITED RUBICON
CHRSLER ,CHRYSLER 3000,2019,CHRYSLER 3000 6 CILINDROS,,,,,,,,,,CHRSLER  CHRYSLER 3000 CHRYSLER 3000 6 CILINDROS
CHRSLER ,CHRYSLER 3000,2019,CHRYSLER 3000 8 CILINDROS,,,,,,,,,,CHRSLER  CHRYSLER 3000 CHRYSLER 3000 8 CILINDROS
CHRSLER ,PACIFICA,2020,LIMITED,,,,,,,,,,CHRSLER  PACIFICA LIMITED
CHRSLER ,PACIFICA,2020,LIMITED PLATINUM,,,,,,,,,,CHRSLER  PACIFICA LIMITED PLATINUM
ALFA ROMEO,STELVIO,2020,STELVIO OV,7.8,5.4,8.333333333333334,7.0,9.0,7.666666666666667,3.0,4.25,8.0,ALFA ROMEO STELVIO STELVIO OV
ALFA ROMEO,STELVIO,2020,STELVIO TI,7.8,5.4,8.333333333333334,7.0,9.0,7.666666666666667,3.0,4.25,8.0,ALFA ROMEO STELVIO STELVIO TI
ALFA ROMEO,GIULIA,2019,TI,,2.5,,,,5.0,1.0,1.5,,ALFA ROMEO GIULIA TI
ALFA ROMEO,GIULIA,2019,SPORT,,2.5,,,,5.0,1.0,1.5,,ALFA ROMEO GIULIA SPORT
ALFA ROMEO,GIULIETTA,2020,GIULIETTA ,5.05,5.279999999999999,8.05,7.4,,5.35,1.0,3.8000000000000003,7.3,ALFA ROMEO GIULIETTA GIULIETTA 
GMC,ACADIA,2020,AT4,8.4,8.833333333333334,8.0,9.0,8.25,8.5,8.5,8.0,8.5,GMC ACADIA AT4
GMC,ACADIA,2020,DENALI,8.4,8.833333333333334,8.0,9.0,8.25,8.5,8.5,8.0,8.5,GMC ACADIA DENALI
GMC,TERRAIN,2020,SLT,,,,,,,,,,GMC TERRAIN SLT
GMC,TERRAIN,2020,DENALI,,,,,,,,,,GMC TERRAIN DENALI
GMC,SIERRA,2020,REGULAR,,,,,,,,,,GMC SIERRA REGULAR
GMC,SIERRA,2020,AT4,,,,,,,,,,GMC SIERRA AT4
GMC,SIERRA,2020,DENALI,,,,,,,,,,GMC SIERRA DENALI
FIAT,UNO,2020,LIKE,7.1,7.166666666666667,7.199999999999999,7.3,,7.3,,7.1,6.9,FIAT UNO LIKE
FIAT,UNO,2020,WAY,7.1,7.166666666666667,7.199999999999999,7.3,,7.3,,7.1,6.9,FIAT UNO WAY
FIAT,UNO,2020,SPORTING,7.1,7.166666666666667,7.199999999999999,7.3,,7.3,,7.1,6.9,FIAT UNO SPORTING
FIAT,PALIO,2020,TM,,,,,,,,,,FIAT PALIO TM
FIAT,PALIO,2020,TA,,,,,,,,,,FIAT PALIO TA
FIAT,MOBI,2020,LIKE,6.7,6.633333333333334,6.4,6.7,,6.8,,6.0,6.4,FIAT MOBI LIKE
FIAT,MOBI,2020,WAY,6.7,6.633333333333334,6.4,6.7,,6.8,,6.0,6.4,FIAT MOBI WAY
FIAT,ARGO,2020,DRIVE,7.3,7.233333333333333,7.199999999999999,7.3,,7.1,,7.3,7.3,FIAT ARGO DRIVE
FIAT,ARGO,2020,DRIVE PLUS,7.3,7.233333333333333,7.199999999999999,7.3,,7.1,,7.3,7.3,FIAT ARGO DRIVE PLUS
FIAT,ARGO,2020,TREKKING,7.3,7.233333333333333,7.199999999999999,7.3,,7.1,,7.3,7.3,FIAT ARGO TREKKING
FIAT,ARGO,2020,PRECISION,7.3,7.233333333333333,7.199999999999999,7.3,,7.1,,7.3,7.3,FIAT ARGO PRECISION
FIAT,ARGO,2020,HGT,7.3,7.233333333333333,7.199999999999999,7.3,,7.1,,7.3,7.3,FIAT ARGO HGT
FIAT,500L,2019,TREKKING,3.1,2.0,,,,1.0,3.0,1.5,,FIAT 500L TREKKING
SEAT,IBIZA,2021,REFERENCE TM,6.1000000000000005,6.0,8.333333333333334,10.0,8.5,5.666666666666667,5.0,5.375,8.0,SEAT IBIZA REFERENCE TM
SEAT,IBIZA,2021,REFERENCE TA,6.1000000000000005,6.0,8.333333333333334,10.0,8.5,5.666666666666667,5.0,5.375,8.0,SEAT IBIZA REFERENCE TA
SEAT,IBIZA,2021,STYLE TM,6.1000000000000005,6.0,8.333333333333334,10.0,8.5,5.666666666666667,5.0,5.375,8.0,SEAT IBIZA STYLE TM
SEAT,IBIZA,2021,STYLE TA,6.1000000000000005,6.0,8.333333333333334,10.0,8.5,5.666666666666667,5.0,5.375,8.0,SEAT IBIZA STYLE TA
SEAT,IBIZA,2021,XCELLENCE TM,6.1000000000000005,6.0,8.333333333333334,10.0,8.5,5.666666666666667,5.0,5.375,8.0,SEAT IBIZA XCELLENCE TM
SEAT,IBIZA,2021,XCELLENCE TA,6.1000000000000005,6.0,8.333333333333334,10.0,8.5,5.666666666666667,5.0,5.375,8.0,SEAT IBIZA XCELLENCE TA
SEAT,IBIZA,2021,FR TM,6.1000000000000005,6.0,8.333333333333334,10.0,8.5,5.666666666666667,5.0,5.375,8.0,SEAT IBIZA FR TM
SEAT,IBIZA,2021,FR TM TSI,6.1000000000000005,6.0,8.333333333333334,10.0,8.5,5.666666666666667,5.0,5.375,8.0,SEAT IBIZA FR TM TSI
SEAT,LEON,2020,STYLE TM,8.3,5.8,8.333333333333334,10.0,8.25,6.666666666666667,4.666666666666667,4.875,8.0,SEAT LEON STYLE TM
SEAT,LEON,2020,STYLE TA,8.3,5.8,8.333333333333334,10.0,8.25,6.666666666666667,4.666666666666667,4.875,8.0,SEAT LEON STYLE TA
SEAT,LEON,2020,FR TM,8.3,5.8,8.333333333333334,10.0,8.25,6.666666666666667,4.666666666666667,4.875,8.0,SEAT LEON FR TM
SEAT,LEON,2020,FR TA,8.3,5.8,8.333333333333334,10.0,8.25,6.666666666666667,4.666666666666667,4.875,8.0,SEAT LEON FR TA
SEAT,ATECA,2021,STYLE TA,3.9,2.0,,,,1.0,4.0,1.5,,SEAT ATECA STYLE TA
SEAT,ATECA,2021,XPERIENCE TA,3.9,2.0,,,,1.0,4.0,1.5,,SEAT ATECA XPERIENCE TA
SEAT,ATECA,2021,FR TA,3.9,2.0,,,,1.0,4.0,1.5,,SEAT ATECA FR TA
SEAT,ARONA,2021,REFERENCE TA,5.8,5.7,7.833333333333333,10.0,7.25,5.5,5.333333333333333,4.625,8.0,SEAT ARONA REFERENCE TA
SEAT,ARONA,2021,STYLE TA,5.8,5.7,7.833333333333333,10.0,7.25,5.5,5.333333333333333,4.625,8.0,SEAT ARONA STYLE TA
SEAT,ARONA,2021,XCELLENCE TA,5.8,5.7,7.833333333333333,10.0,7.25,5.5,5.333333333333333,4.625,8.0,SEAT ARONA XCELLENCE TA
SEAT,TARRACO,2021,STYLE TA,8.6,6.4,7.666666666666667,9.0,8.75,5.666666666666667,4.833333333333333,4.875,9.0,SEAT TARRACO STYLE TA
SEAT,TARRACO,2021,XCELLENCE TA,8.6,6.4,7.666666666666667,9.0,8.75,5.666666666666667,4.833333333333333,4.875,9.0,SEAT TARRACO XCELLENCE TA
SEAT,TARRACO,2021,FR TA,8.6,6.4,7.666666666666667,9.0,8.75,5.666666666666667,4.833333333333333,4.875,9.0,SEAT TARRACO FR TA
